<?xml version="1.0" encoding="UTF-8"?>
<window id="1144" type="dialog">

	<defaultcontrol always="true">64</defaultcontrol>
    
	<include condition="String.IsEqual(Window(1144).Property(ShelfPopupDelay),$NUMBER[1])">ShelfPopup1</include>
	<include condition="String.IsEqual(Window(1144).Property(ShelfPopupDelay),$NUMBER[2])">ShelfPopup2</include>
	<include condition="String.IsEqual(Window(1144).Property(ShelfPopupDelay),$NUMBER[3])">ShelfPopup3</include>
	<include condition="String.IsEqual(Window(1144).Property(ShelfPopupDelay),$NUMBER[4])">ShelfPopup4</include>
	<include condition="String.IsEqual(Window(1144).Property(ShelfPopupDelay),$NUMBER[5])">ShelfPopup5</include>
	<include condition="String.IsEqual(Window(1144).Property(ShelfPopupDelay),$NUMBER[6])">ShelfPopup6</include>
	<include condition="String.IsEmpty(Window(1144).Property(ShelfPopupDelay))">ShelfPopup3</include>
	
	
	<visible>!System.IdleTime(30) + !Player.HasVideo + !String.IsEmpty(Window(Home).Property(ShowWidgetPopup)) + 
	         !Window.IsVisible(movieinformation) + !Window.IsVisible(DialogMusicInfo.xml) + 
			 !Window.IsVisible(DialogContextMenu.xml) + !Window.IsVisible(DialogButtonMenu.xml) + 
			 !Window.IsVisible(MyVideoNav.xml) + !Window.IsVisible(MyMusicNav.xml) + 
			 ![Window.IsActive(fullscreenvideo) | Window.IsActive(visualisation)] + 
			 ![Window.IsActive(Custom_1122_Search.xml) | Window.IsActive(Custom_1131_SingleSearch.xml)] + 
	         [String.IsEqual(Window.Property(DBType),movie) | String.IsEqual(Window.Property(DBType),tvshow) | 
			  String.IsEqual(Window.Property(DBType),episode) | String.IsEqual(Window.Property(DBType),musicvideo) | 
			  String.IsEqual(Window.Property(DBType),artist) | String.IsEqual(Window.Property(DBType),album) | 
			  String.IsEqual(Window.Property(DBType),song)]</visible>
	
	<include>DialogOpenClose</include>
	
	<controls>
        
		<control type="button" id="64">
			<oninfo>ClearProperty(ShowWidgetPopup,Home)</oninfo>
			<oninfo>Dialog.Close(1144)</oninfo>
			<onclick>Dialog.Close(1144)</onclick>
			<onleft>Dialog.Close(1144)</onleft>
			<onright>Dialog.Close(1144)</onright>
            <onback>ClearProperty(ShowWidgetPopup,Home)</onback>
			<onback>Dialog.Close(1144)</onback>
			<onup>ClearProperty(ShowWidgetPopup,Home)</onup>
			<onup>Dialog.Close(1144)</onup>
			<ondown>ClearProperty(ShowWidgetPopup,Home)</ondown>
			<ondown>Dialog.Close(1144)</ondown>
			<include>HiddenButton</include>
		</control>
		<control type="group" id="14000">
			<top>254</top>
			<include condition="!Skin.HasSetting(VerticalHome)">PopupLeftHorizontal</include>
			<include condition="Skin.HasSetting(VerticalHome)">PopupLeftVertical</include>
			<animation type="Visible" reversible="false">
				<effect type="zoom" start="80" end="100" center="960,540" delay="160" tween="back" time="240" />
				<effect type="fade" delay="160" end="100" time="240" />
			</animation>
			<control type="image">
				<top>2</top>
				<left>22</left>
				<width>1303</width>
				<height>598</height>
				<texture border="40">dialogs/DialogBG.png</texture>
			</control>
			<!-- Logo -->
			<control type="image">
				<top>40</top>
				<left>420</left>
				<width>210</width>
				<height>80</height>
				<aspectratio align="left" aligny="bottom">stretch</aspectratio>
				<texture background="true">$VAR[ShelfPopupLogo]</texture>
				<visible>![String.IsEqual(Window.Property(DBType),artist) | String.IsEqual(Window.Property(DBType),album) | String.IsEqual(Window.Property(DBType),song)]</visible>
			</control>
			<control type="image">
				<top>40</top>
				<left>64</left>
				<width>327</width>
				<height>127</height>
				<aspectratio align="left" aligny="bottom">stretch</aspectratio>
				<texture background="true">$VAR[ShelfPopupLogo]</texture>
				<visible>[String.IsEqual(Window.Property(DBType),artist) | String.IsEqual(Window.Property(DBType),album) | String.IsEqual(Window.Property(DBType),song)]</visible>
			</control>
			<!-- Title if no logo -->
			<control type="label">
				<top>40</top>
				<left>420</left>
				<width>865</width>
				<height>80</height>
				<font>font30_title</font>
				<label>$INFO[Window.Property(Title)]</label>
				<textcolor>$VAR[HighlightColor]</textcolor>
				<visible>String.IsEmpty(Window.Property(Art.ClearLogo)) + [String.IsEqual(Window.Property(DBType),movie) | String.IsEqual(Window.Property(DBType),tvshow) | String.IsEqual(Window.Property(DBType),musicvideo)]</visible>
			</control>
			<control type="label">
				<top>40</top>
				<left>420</left>
				<width>865</width>
				<height>80</height>
				<font>font30_title</font>
				<label>$INFO[Window.Property(TVShowTitle)]</label>
				<scroll>true</scroll>
				<textcolor>$VAR[HighlightColor]</textcolor>
				<visible>String.IsEmpty(Window.Property(Art.tvshow.clearlogo)) + String.IsEqual(Window.Property(DBType),episode)</visible>
			</control>
			<control type="label">
				<top>40</top>
				<left>420</left>
				<width>865</width>
				<height>80</height>
				<font>font30_title</font>
				<label>$INFO[Window.Property(Artist)]</label>
				<scroll>true</scroll>
				<textcolor>$VAR[HighlightColor]</textcolor>
				<visible>String.IsEqual(Window.Property(DBType),artist)</visible>
			</control>
			<control type="label">
				<top>40</top>
				<left>420</left>
				<width>865</width>
				<height>80</height>
				<font>font30_title</font>
				<label>$INFO[Window.Property(Album)]</label>
				<scroll>true</scroll>
				<textcolor>$VAR[HighlightColor]</textcolor>
				<visible>String.IsEqual(Window.Property(DBType),album)</visible>
			</control>
			<control type="label">
				<top>40</top>
				<left>420</left>
				<width>865</width>
				<height>80</height>
				<font>font30_title</font>
				<label>$INFO[Window.Property(TrackNumber)]. $INFO[Window.Property(Title)]</label>
				<scroll>true</scroll>
				<textcolor>$VAR[HighlightColor]</textcolor>
				<visible>String.IsEqual(Window.Property(DBType),song)</visible>
			</control>
			<control type="group">
				<visible>String.IsEqual(Window.Property(DBType),movie) | String.IsEqual(Window.Property(DBType),episode)</visible>
				<control type="grouplist">
					<top>130</top>
					<left>420</left>
					<width>900</width>
					<height>145</height>
					<control type="grouplist">
						<control type="label">
							<width>889</width>
							<height>47.5</height>
							<font>font24_title</font>
							<label>[COLOR=$VAR[HighlightColor]]$LOCALIZE[20359]: [/COLOR]$VAR[ShelfPopupSeasonEpisodeLabel] - $INFO[Window.Property(Title)]</label>
							<visible>!String.IsEmpty(Window.Property(Title)) + String.IsEqual(Window.Property(DBType),episode)</visible>
							<scroll>true</scroll>
						</control>
						<control type="label">
							<width>889</width>
							<height>47.5</height>
							<font>font20_title</font>
							<label>[COLOR=$VAR[HighlightColor]]$LOCALIZE[20339]: [/COLOR]$INFO[Window.Property(Director)]</label>
							<visible>!String.IsEmpty(Window.Property(Director))</visible>
							<scroll>true</scroll>
						</control>
						<control type="label">
							<width>889</width>
							<height>47.5</height>
							<font>font20_title</font>
							<label>[COLOR=$VAR[HighlightColor]]$LOCALIZE[515]: [/COLOR]$INFO[Window.Property(Genre)]</label>
							<visible>!String.IsEmpty(Window.Property(Genre))</visible>
							<scroll>true</scroll>
						</control>
					</control>
				</control>
				<!-- Movie details -->
				<control type="label">
					<top>227</top>
					<left>420</left>
					<width>889</width>
					<height>45</height>
					<font>font20_title</font>
					<label>$VAR[ShelfPopupDetails]</label>
					<visible>String.IsEqual(Window.Property(DBType),movie)</visible>
				</control>
				<!-- Episode details -->
				<control type="label">
					<top>277</top>
					<left>420</left>
					<width>889</width>
					<height>45</height>
					<font>font20_title</font>
			    	<label>$VAR[ShelfPopupDetailsEpisodes]</label>
					<visible>String.IsEqual(Window.Property(DBType),episode) + ![String.IsEmpty(Window.Property(Genre)) | String.IsEmpty(Window.Property(Director))]</visible>
				</control>
				<control type="label">
					<top>227</top>
					<left>420</left>
					<width>889</width>
					<height>45</height>
					<font>font20_title</font>
					<label>$VAR[ShelfPopupDetailsEpisodes]</label>
					<visible>String.IsEqual(Window.Property(DBType),episode) + [String.IsEmpty(Window.Property(Genre)) | String.IsEmpty(Window.Property(Director))]</visible>
				</control>
			</control>
			<control type="group">
				<visible>String.IsEqual(Window.Property(DBType),tvshow)</visible>
				<control type="label">
					<top>130</top>
				    <left>420</left>
				    <width>855</width>
				    <height>45</height>
					<font>font20_title</font>
					<label>[COLOR=$VAR[HighlightColor]]$LOCALIZE[515]: [/COLOR]$INFO[Window.Property(Genre)]</label>
				    <visible>!String.IsEmpty(Window.Property(Genre))</visible>
					<scroll>true</scroll>
				</control>
				<control type="label">
					<top>185</top>
					<left>420</left>
					<width>889</width>
					<height>45</height>
					<font>font20_title</font>
			    	<label>[COLOR=$VAR[HighlightColor]]$LOCALIZE[31037]: [/COLOR]$INFO[Window.Property(Rating)]  [COLOR=$VAR[HighlightColor]]$LOCALIZE[20416]: [/COLOR]$INFO[Window.Property(Premiered)]</label>
				</control>
			</control>
			<control type="group">
				<visible>String.IsEqual(Window.Property(DBType),musicvideo)</visible>
				<top>130</top>
				<left>420</left>
				<control type="label">
					<width>889</width>
					<height>50</height>
					<font>font30_title</font>
					<label>[COLOR=$VAR[HighlightColor]]$INFO[Window.Property(Title)][/COLOR]</label>
					<visible>!String.IsEmpty(Window.Property(Title)) + !String.IsEmpty(Window.Property(Art.ClearLogo))</visible>
					<scroll>true</scroll>
				</control>
				<control type="grouplist">
					<top>60</top>
					<width>900</width>
					<height>145</height>
					<control type="grouplist">
						<control type="label">
							<width>889</width>
							<height>47.5</height>
							<font>font20_title</font>
							<label>[COLOR=$VAR[HighlightColor]]$LOCALIZE[557]: [/COLOR]$INFO[Window.Property(Artist)]</label>
							<visible>!String.IsEmpty(Window.Property(Artist))</visible>
							<scroll>true</scroll>
						</control>
						<control type="label">
							<width>889</width>
							<height>47.5</height>
							<font>font20_title</font>
							<label>[COLOR=$VAR[HighlightColor]]$LOCALIZE[515]: [/COLOR]$INFO[Window.Property(Genre)]</label>
							<visible>!String.IsEmpty(Window.Property(Genre))</visible>
							<scroll>true</scroll>
						</control>
						<control type="label">
							<width>889</width>
							<height>47.5</height>
							<font>font20_title</font>
							<label>[COLOR=$VAR[HighlightColor]]$LOCALIZE[562]: [/COLOR]$INFO[Window.Property(Year)]</label>
							<visible>!String.IsEmpty(Window.Property(Year))</visible>
							<scroll>true</scroll>
						</control>
					</control>
				</control>
			</control>
			<control type="group">
				<visible>String.IsEqual(Window.Property(DBType),artist)</visible>
				<top>130</top>
				<left>420</left>
				<control type="grouplist">
					<width>900</width>
					<height>190</height>
					<itemgap>10</itemgap>
					<control type="grouplist">
						<control type="label">
							<width>889</width>
							<height>47.5</height>
							<font>font20_title</font>
							<label>[COLOR=$VAR[HighlightColor]]$LOCALIZE[21894]: [/COLOR]$INFO[Window.Property(Artist_Formed)]</label>
							<visible>!String.IsEmpty(Window.Property(Artist_Formed))</visible>
							<scroll>true</scroll>
						</control>
						<control type="label">
							<width>889</width>
							<height>47.5</height>
							<font>font20_title</font>
							<label>[COLOR=$VAR[HighlightColor]]$LOCALIZE[21898]: [/COLOR]$INFO[Window.Property(Artist_YearsActive)]</label>
							<visible>!String.IsEmpty(Window.Property(Artist_YearsActive))</visible>
							<scroll>true</scroll>
						</control>
						<control type="label">
							<width>860</width>
							<height>47.5</height>
							<font>font20_title</font>
							<label>[COLOR=$VAR[HighlightColor]]$LOCALIZE[176]: [/COLOR]$INFO[Window.Property(Artist_Style)]</label>
							<visible>!String.IsEmpty(Window.Property(Artist_Style))</visible>
							<scroll>true</scroll>
						</control>
						<control type="label">
							<width>889</width>
							<height>47.5</height>
							<font>font20_title</font>
							<label>[COLOR=$VAR[HighlightColor]]$LOCALIZE[515]: [/COLOR]$INFO[Window.Property(Artist_Genre)]</label>
							<visible>!String.IsEmpty(Window.Property(Artist_Genre))</visible>
							<scroll>true</scroll>
						</control>
					</control>
				</control>
			</control>
			<control type="group">
				<visible>String.IsEqual(Window.Property(DBType),album)</visible>
				<top>130</top>
				<left>420</left>
				<control type="grouplist">
					<width>900</width>
					<height>190</height>
					<itemgap>10</itemgap>
					<control type="grouplist">
						<control type="label">
							<width>889</width>
							<height>47.5</height>
							<font>font20_title</font>
							<label>[COLOR=$VAR[HighlightColor]]$LOCALIZE[557]: [/COLOR]$INFO[Window.Property(Artist)]</label>
							<visible>!String.IsEmpty(Window.Property(Artist))</visible>
							<scroll>true</scroll>
						</control>
						<control type="label">
							<width>889</width>
							<height>47.5</height>
							<font>font20_title</font>
							<label>[COLOR=$VAR[HighlightColor]]$LOCALIZE[345]: [/COLOR]$INFO[Window.Property(Year)]</label>
							<visible>!String.IsEmpty(Window.Property(Year))</visible>
							<scroll>true</scroll>
						</control>
						<control type="label">
							<width>860</width>
							<height>47.5</height>
							<font>font20_title</font>
							<label>[COLOR=$VAR[HighlightColor]]$LOCALIZE[176]: [/COLOR]$INFO[Window.Property(Album_Style)]</label>
							<visible>!String.IsEmpty(Window.Property(Album_Style))</visible>
							<scroll>true</scroll>
						</control>
						<control type="label">
							<width>889</width>
							<height>47.5</height>
							<font>font20_title</font>
							<label>[COLOR=$VAR[HighlightColor]]$LOCALIZE[515]: [/COLOR]$INFO[Window.Property(Genre)]</label>
							<visible>!String.IsEmpty(Window.Property(Genre))</visible>
							<scroll>true</scroll>
						</control>
					</control>
				</control>
			</control>
			<control type="group">
				<visible>String.IsEqual(Window.Property(DBType),song)</visible>
				<top>130</top>
				<left>420</left>
				<control type="grouplist">
					<width>900</width>
					<height>190</height>
					<itemgap>10</itemgap>
					<control type="grouplist">
						<control type="label">
							<width>889</width>
							<height>47.5</height>
							<font>font20_title</font>
							<label>[COLOR=$VAR[HighlightColor]]$LOCALIZE[557]: [/COLOR]$INFO[Window.Property(Artist)]</label>
							<visible>!String.IsEmpty(Window.Property(Artist))</visible>
							<scroll>true</scroll>
						</control>
						<control type="label">
							<width>889</width>
							<height>47.5</height>
							<font>font20_title</font>
							<label>[COLOR=$VAR[HighlightColor]]$LOCALIZE[558]: [/COLOR]$INFO[Window.Property(Album)]</label>
							<visible>!String.IsEmpty(Window.Property(Album))</visible>
							<scroll>true</scroll>
						</control>
						<control type="label">
							<width>860</width>
							<height>47.5</height>
							<font>font20_title</font>
							<label>[COLOR=$VAR[HighlightColor]]$LOCALIZE[180]: [/COLOR]$VAR[WidgetItemDurationVar]</label>
							<visible>!String.IsEmpty(Window(Home).Property(WidgetItemDurationMins))</visible>
							<scroll>true</scroll>
						</control>
						<control type="label">
							<width>889</width>
							<height>47.5</height>
							<font>font20_title</font>
							<label>[COLOR=$VAR[HighlightColor]]$LOCALIZE[515]: [/COLOR]$INFO[Window.Property(Genre)]</label>
							<visible>!String.IsEmpty(Window.Property(Genre))</visible>
							<scroll>true</scroll>
						</control>
					</control>
				</control>
			</control>
			<!-- Plot/Bio/Review/Comment -->
			<control type="textbox">
				<top>272</top>
				<left>420</left>
				<width>870</width>
				<height>240</height>
				<font>InfoPlot</font>
				<label>$INFO[Window.Property(Plot)]</label>
				<autoscroll delay="5000" time="4000" repeat="8000">Skin.HasSetting(AutoScroll)</autoscroll>
				<visible>String.IsEqual(Window.Property(DBType),movie)</visible>
			</control>
			<control type="textbox">
				<top>332</top>
				<left>420</left>
				<width>870</width>
				<height>165</height>
				<font>InfoPlot</font>
				<label>$INFO[Window.Property(Plot)]</label>
				<autoscroll delay="5000" time="4000" repeat="8000">Skin.HasSetting(AutoScroll)</autoscroll>
				<visible>[String.IsEqual(Window.Property(DBType),episode) + ![String.IsEmpty(Window.Property(Genre)) | String.IsEmpty(Window.Property(Director))]] | String.IsEqual(Window.Property(DBType),musicvideo)</visible>
			</control>
			<control type="textbox">
				<top>332</top>
				<left>420</left>
				<width>870</width>
				<height>200</height>
				<font>InfoPlot</font>
				<label>$INFO[Window.Property(Artist_Description)]</label>
				<autoscroll delay="5000" time="4000" repeat="8000">Skin.HasSetting(AutoScroll)</autoscroll>
				<visible>String.IsEqual(Window.Property(DBType),artist)</visible>
			</control>
			<control type="textbox">
				<top>332</top>
				<left>420</left>
				<width>870</width>
				<height>200</height>
				<font>InfoPlot</font>
				<label>$INFO[Window.Property(Album_Description)]</label>
				<autoscroll delay="5000" time="4000" repeat="8000">Skin.HasSetting(AutoScroll)</autoscroll>
				<visible>String.IsEqual(Window.Property(DBType),album)</visible>
			</control>
			<control type="textbox">
				<top>332</top>
				<left>420</left>
				<width>870</width>
				<height>200</height>
				<font>InfoPlot</font>
				<label>$INFO[Window.Property(Comment)]</label>
				<autoscroll delay="5000" time="4000" repeat="8000">Skin.HasSetting(AutoScroll)</autoscroll>
				<visible>String.IsEqual(Window.Property(DBType),song)</visible>
			</control>
			<control type="textbox">
				<top>282</top>
				<left>420</left>
				<width>870</width>
				<height>205</height>
				<font>InfoPlot</font>
				<label>$INFO[Window.Property(Plot)]</label>
				<autoscroll delay="5000" time="4000" repeat="8000">Skin.HasSetting(AutoScroll)</autoscroll>
				<visible>String.IsEqual(Window.Property(DBType),episode) + [String.IsEmpty(Window.Property(Genre)) | String.IsEmpty(Window.Property(Director))]</visible>
			</control>
			<control type="textbox">
				<top>238</top>
				<left>420</left>
				<width>870</width>
				<height>240</height>
				<font>InfoPlot</font>
				<label>$INFO[Window.Property(Plot)]</label>
				<autoscroll delay="5000" time="4000" repeat="8000">Skin.HasSetting(AutoScroll)</autoscroll>
				<visible>String.IsEqual(Window.Property(DBType),tvshow)</visible>
			</control>
			<!-- Media flags -->
			<control type="group">
			    <top>497</top>
				<left>420</left>
				<visible>String.IsEqual(Window.Property(DBType),movie) | String.IsEqual(Window.Property(DBType),episode) | String.IsEqual(Window.Property(DBType),musicvideo) | String.IsEqual(Window.Property(DBType),song)</visible>
			    <control type="group">
		               <visible>!Skin.HasSetting(coloredflags)</visible>
		            <include>ContentFade</include>
		            <control type="grouplist">
		                <width>930</width>
		                <height>90</height>
		                <itemgap>20</itemgap>
		                <orientation>horizontal</orientation>
		                <align>left</align>
		                <include content="PopupMediaFlagItems">
			                <param name="itemwidth">100</param>
		                    <param name="itemheight">90</param>
			                <param name="diffuse">$VAR[LabelTextColor]</param>
		                </include>
		            </control>
		        </control>
		        <control type="group">
		            <visible>Skin.HasSetting(coloredflags)</visible>
		            <include>ContentFade</include>
		            <control type="grouplist">
		                <visible>![String.Contains(Container.ListItem.Filename,hdr) | String.Contains(Container.ListItem.Filename,sdr)]</visible>
		                <width>930</width>
		                <height>90</height>
		                <itemgap>20</itemgap>
		                <orientation>horizontal</orientation>
		                <align>left</align>
		                <include content="PopupMediaFlagItems">
			                <param name="itemwidth">100</param>
		                    <param name="itemheight">90</param>
		                </include>
		            </control>
				    <control type="grouplist">
		                <visible>[String.Contains(Container.ListItem.Filename,hdr) | String.Contains(Container.ListItem.Filename,sdr)]</visible>
		                <width>930</width>
		                <height>90</height>
		                <itemgap>10</itemgap>
		                <orientation>horizontal</orientation>
		                <align>left</align>
		                <include content="PopupMediaFlagItems">
			                <param name="itemwidth">100</param>
		                    <param name="itemheight">90</param>
		                </include>
		            </control>
		        </control>
			</control>
			<!-- TV Show additional details -->
			<control type="grouplist">
				<top>487</top>
				<left>420</left>
				<width>889</width>
				<height>90</height>
				<itemgap>20</itemgap>
				<orientation>horizontal</orientation>
				<usecontrolcoords>true</usecontrolcoords>
				<visible>String.IsEqual(Window.Property(DBType),tvshow)</visible>
				<control type="group">
		            <visible>!String.IsEmpty(Window.Property(MPAA))</visible>
			        <include content="RightListCertInfo">
                        <param name="leftUSA">0</param>
	                    <param name="leftNonUSA">20</param>
                        <param name="widthUSA">120</param>
                        <param name="topUSA">0</param>
                        <param name="topNonUSA">15</param>
						<param name="certsource">Window.Property(MPAA)</param>
		                <param name="certvar">$VAR[ShelfPopupCertFlag]</param>
			        </include>	
                </control>
				<control type="group">
					<left>110</left>
					<width>120</width>
					<height>90</height>
					<top>10</top>
					<control type="image" id="9900502" description="Studio">
			            <texture>$VAR[ShelfPopupStudios]</texture>
			            <width>120</width>
			            <height>74</height>
			            <aspectratio align="center" aligny="center">keep</aspectratio>
                        <visible>!String.IsEmpty(Window.Property(Studio))</visible>
                    </control>
					<control type="label">
						<width>120</width>
						<align>center</align>
						<font>FanartTitleFont</font>
						<wrapmultiline>true</wrapmultiline>
						<label>$INFO[Window.Property(Studio)]</label>
						<visible>String.IsEmpty(Control.GetLabel(9900502))</visible>
					</control>
				</control>
				<control type="group">
					<visible>String.IsEqual(Window.Property(DBType),tvshow) + !String.IsEmpty(Window.Property(TotalSeasons))</visible>
					<width>177</width>
					<control type="label">
						<top>2</top>
						<width>177</width>
						<height>60</height>
						<align>center</align>
						<label>[B]$INFO[Window.Property(TotalSeasons)][/B]</label>
						<font>MainLabelBigTitle</font>
						<wrapmultiline>true</wrapmultiline>
					</control>
					<control type="label">
						<top>52</top>
						<width>177</width>
						<height>30</height>
						<align>center</align>
						<label>[LOWERCASE]$VAR[ShelfPopupSeasonsLabel][/LOWERCASE]</label>
						<font>font12</font>
						<textcolor>$VAR[HighlightColor]</textcolor>
					</control>
				</control>
				<control type="group">
					<visible>String.IsEqual(Window.Property(DBType),tvshow) + !String.IsEmpty(Window.Property(TotalEpisodes))</visible>
					<width>177</width>
					<control type="label">
						<top>2</top>
						<width>177</width>
						<height>60</height>
						<align>center</align>
						<label>[B]$INFO[Window.Property(TotalEpisodes)][/B]</label>
						<font>MainLabelBigTitle</font>
						<wrapmultiline>true</wrapmultiline>
					</control>
					<control type="label">
						<top>52</top>
						<width>177</width>
						<height>30</height>
						<align>center</align>
						<label>[LOWERCASE]$VAR[ShelfPopupEpisodesLabel][/LOWERCASE]</label>
						<font>font12</font>
						<textcolor>$VAR[HighlightColor]</textcolor>
					</control>
				</control>
				<control type="group">
					<visible>String.IsEqual(Window.Property(DBType),tvshow) + !String.IsEmpty(Window.Property(UnwatchedEpisodes))</visible>
					<width>177</width>
					<control type="label">
						<top>2</top>
						<width>177</width>
						<height>60</height>
						<align>center</align>
						<label>[B]$INFO[Window.Property(UnwatchedEpisodes)][/B]</label>
						<font>MainLabelBigTitle</font>
						<wrapmultiline>true</wrapmultiline>
					</control>
					<control type="label">
						<top>52</top>
						<width>177</width>
						<height>30</height>
						<align>center</align>
						<label>[LOWERCASE]$LOCALIZE[16101][/LOWERCASE]</label>
						<font>font12</font>
						<textcolor>$VAR[HighlightColor]</textcolor>
					</control>
				</control>
			</control>
			<include content="ShadowedImage">
				<param name="top">36</param>
				<param name="left">54</param>
				<param name="width">347</param>
				<param name="height">521</param>
				<param name="aspect">stretch</param>
				<param name="texture">$VAR[ShelfPopupPoster]</param>
				<param name="visibility">[String.IsEqual(Window.Property(DBType),movie) | String.IsEqual(Window.Property(DBType),tvshow) | String.IsEqual(Window.Property(DBType),episode)]</param>
			</include>
			<include content="ShadowedImage">
				<param name="top">36</param>
				<param name="left">54</param>
				<param name="width">347</param>
				<param name="height">521</param>
				<param name="aspect">scale</param>
				<param name="texture">$VAR[ShelfPopupPoster]</param>
				<param name="visibility">String.IsEqual(Window.Property(DBType),musicvideo)</param>
			</include>
			<include content="ShadowedImage">
				<param name="top">190</param>
				<param name="left">54</param>
				<param name="width">347</param>
				<param name="height">347</param>
				<param name="aspect">scale</param>
				<param name="texture">$VAR[ShelfPopupSquare]</param>
				<param name="visibility">[String.IsEqual(Window.Property(DBType),artist) | String.IsEqual(Window.Property(DBType),album) | String.IsEqual(Window.Property(DBType),song)]</param>
			</include>
		</control>

	</controls>
</window>