<?xml version="1.0" encoding="UTF-8"?>
<window>
	<defaultcontrol always="true">9</defaultcontrol>
	<coordinates>
		<system>1</system>
	</coordinates>
	<include>OpenClose</include>
	<controls>
		<include>DimBG</include>
		<control type="group" description="Content">
			<include>DialogOpenClose</include>
			<control type="image">
				<posx>160</posx>
				<width>1600</width>
				<height>1080</height>
				<texture>dialogs/DialogBG.png</texture>
				<colordiffuse>$VAR[DialogBGColor]</colordiffuse>
			</control>
			<control type="label" description="HEADER">
				<posx>258</posx>
				<posy>60</posy>
				<width>1400</width>
				<height>45</height>
				<textcolor>$VAR[HighlightColor]</textcolor>
				<label>$LOCALIZE[19142]</label>
				<align>center</align>
			</control>
			<control type="group">
				<posx>258</posx>
				<posy>-60</posy>
				<control type="label" description="Search help">
					<posy>180</posy>
					<width>1400</width>
					<align>center</align>
					<font>ListDetails</font>
					<textcolor>Grey</textcolor>
					<wrapmultiline>true</wrapmultiline>
					<label>$LOCALIZE[19001][CR]$LOCALIZE[19002]</label>
				</control>
				<control type="edit" id="9" description="Search string">
					<posy>270</posy>
					<width>1400</width>
					<font>ListDetails</font>
					<align>left</align>
					<onleft>9</onleft>
					<onright>9</onright>
					<onup>26</onup>
					<ondown>10</ondown>
					<focusedcolor>$VAR[LabelTextColor]</focusedcolor>
					<texturefocus border="21,0,21,0">dialogs/EditFrame.png</texturefocus>
					<texturenofocus border="21,0,21,0">dialogs/EditFrameNF.png</texturenofocus>
				</control>
				<control type="grouplist" id="5000" description="Left panel">
					<posy>345</posy>
					<onright>6000</onright>
					<onleft>9000</onleft>
					<ondown>9</ondown>
					<onup>9</onup>
					<orientation>vertical</orientation>
					<control type="radiobutton" id="10">
						<description>Include Description</description>
						<width>645</width>
						<font>ListDetails</font>
						<align>left</align>
						<aligny>center</aligny>
						<label>$LOCALIZE[19134]</label>
					</control>
					<control type="radiobutton" id="11">
						<description>Case Sensitive</description>
						<width>645</width>
						<font>ListDetails</font>
						<align>left</align>
						<aligny>center</aligny>
						<label>$LOCALIZE[19135]</label>
					</control>
					<control type="edit" id="14">
						<description>Start Date</description>
						<width>645</width>
						<font>ListDetails</font>
						<label>$LOCALIZE[19128]</label>
						<texturenofocus border="3">buttons/ButtonNF.png</texturenofocus>
					</control>
					<control type="edit" id="15">
						<description>Stop Date</description>
						<width>645</width>
						<font>ListDetails</font>
						<label>$LOCALIZE[19129]</label>
						<texturenofocus border="3">buttons/ButtonNF.png</texturenofocus>
					</control>
					<control type="spincontrolex" id="18">
						<description>Genre</description>
						<width>645</width>
						<font>ListDetails</font>
						<label>$LOCALIZE[515]</label>
					</control>
					<control type="radiobutton" id="20">
						<description>Include unknown Genres</description>
						<width>645</width>
						<font>ListDetails</font>
						<align>left</align>
						<aligny>center</aligny>
						<label>$LOCALIZE[19132]</label>
					</control>
					<control type="radiobutton" id="22">
						<description>FTA only</description>
						<width>645</width>
						<font>ListDetails</font>
						<align>left</align>
						<aligny>center</aligny>
						<label>$LOCALIZE[19123]</label>
					</control>
					<control type="radiobutton" id="24">
						<description>Ignore Timers</description>
						<width>645</width>
						<font>ListDetails</font>
						<align>left</align>
						<aligny>center</aligny>
						<label>$LOCALIZE[19124]</label>
					</control>
				</control>
				<control type="grouplist" id="6000">
					<posx>755</posx>
					<posy>345</posy>
					<onright>9000</onright>
					<onleft>5000</onleft>
					<orientation>vertical</orientation>
					<control type="spincontrolex" id="12">
						<description>Min Duration</description>
						<width>645</width>
						<font>ListDetails</font>
						<label>$LOCALIZE[19130]</label>
					</control>
					<control type="spincontrolex" id="13">
						<description>Max Duration</description>
						<width>645</width>
						<font>ListDetails</font>
						<label>$LOCALIZE[19131]</label>
					</control>
					<control type="edit" id="16">
						<description>Start time</description>
						<width>645</width>
						<font>ListDetails</font>
						<label>$LOCALIZE[19126]</label>
						<texturenofocus border="3">buttons/ButtonNF.png</texturenofocus>
					</control>
					<control type="edit" id="17">
						<description>Stop time</description>
						<width>645</width>
						<font>ListDetails</font>
						<label>$LOCALIZE[19127]</label>
						<texturenofocus border="3">buttons/ButtonNF.png</texturenofocus>
					</control>
					<control type="radiobutton" id="19">
						<description>avoid repeats</description>
						<width>645</width>
						<font>ListDetails</font>
						<align>left</align>
						<aligny>center</aligny>
						<label>$LOCALIZE[19121]</label>
					</control>
					<control type="spincontrolex" id="21">
						<description>Groups</description>
						<width>645</width>
						<font>ListDetails</font>
						<label>$LOCALIZE[19141]</label>
					</control>
					<control type="spincontrolex" id="23">
						<description>Channels</description>
						<width>645</width>
						<font>ListDetails</font>
						<label>$LOCALIZE[19148]</label>
					</control>
					<control type="radiobutton" id="27">
						<description>Ignore Recordings</description>
						<width>645</width>
						<font>ListDetails</font>
						<align>left</align>
						<aligny>center</aligny>
						<label>$LOCALIZE[19125]</label>
					</control>
				</control>
				<control type="image" description="Comfirm buttons Top split">
					<posx>-60</posx>
					<posy>975</posy>
					<width>1520</width>
					<height>2</height>
					<texture>img/LineST.png</texture>
				</control>
				<control type="grouplist" id="9000">
					<posy>999</posy>
					<posx>188</posx>
					<onup>9000</onup>
					<ondown>9000</ondown>
					<onleft>6000</onleft>
					<onright>5000</onright>
					<width>1320</width>
					<orientation>horizontal</orientation>
					<control type="button" id="28">
						<description>Default Buttons</description>
						<width>300</width>
						<height>60</height>
						<align>center</align>
						<aligny>center</aligny>
						<font>ListDetails</font>
						<label>$LOCALIZE[10035]</label>
					</control>
					<control type="button" id="25">
						<description>Cancel Button</description>
						<width>300</width>
						<height>60</height>
						<align>center</align>
						<aligny>center</aligny>
						<font>ListDetails</font>
						<label>$LOCALIZE[222]</label>
					</control>
					<control type="button" id="26">
						<description>Search Button</description>
						<width>300</width>
						<height>60</height>
						<align>center</align>
						<aligny>center</aligny>
						<font>ListDetails</font>
						<label>$LOCALIZE[137]</label>
					</control>
				</control>
			</control>
		</control>
	</controls>
</window>