<?xml version="1.0" encoding="UTF-8"?>
<window>
    <!-- This whole dialog was reworked for Nexus due to the addition of control 310 to show/hide password -->
    <defaultcontrol always="true">300</defaultcontrol>
    <controls>
        <control type="group">
            <visible>!Window.IsVisible(numericinput)</visible>
			<left>181</left>
            <top>50</top>
		    <control type="image">
                <width>1557</width>
                <height>906</height>
                <texture border="45">dialogs/TinyDialog.png</texture>
    		    <colordiffuse>$VAR[DialogBGColor]</colordiffuse>
                <visible>Skin.HasSetting(Enable.Autocompletion)</visible>
				<visible>!Control.IsVisible(310)</visible>
            </control>
			<control type="image">
                <width>1557</width>
                <height>1000</height>
                <texture border="45">dialogs/TinyDialog.png</texture>
			    <colordiffuse>$VAR[DialogBGColor]</colordiffuse>
                <visible>Skin.HasSetting(Enable.Autocompletion)</visible>
				<visible>Control.IsVisible(310)</visible>
            </control>
            <control type="image">
                <width>1557</width>
                <height>706</height>
                <texture border="45">dialogs/TinyDialog.png</texture>
			    <colordiffuse>$VAR[DialogBGColor]</colordiffuse>
                <visible>!Skin.HasSetting(Enable.Autocompletion)</visible>
				<visible>!Control.IsVisible(310)</visible>
            </control>
			<control type="image">
                <width>1557</width>
                <height>800</height>
                <texture border="45">dialogs/TinyDialog.png</texture>
			    <colordiffuse>$VAR[DialogBGColor]</colordiffuse>
                <visible>!Skin.HasSetting(Enable.Autocompletion)</visible>
				<visible>Control.IsVisible(310)</visible>
            </control>
            <control type="image">
                <visible>Control.IsVisible(313)</visible>
                <visible>!Control.IsVisible(310)</visible>
				<width>1557</width>
                <height>830</height>
                <texture border="45">dialogs/TinyDialog.png</texture>
			    <colordiffuse>$VAR[DialogBGColor]</colordiffuse>
            </control>
			<control type="image">
                <visible>Control.IsVisible(313)</visible>
                <visible>Control.IsVisible(310)</visible>
				<width>1557</width>
                <height>924</height>
                <texture border="45">dialogs/TinyDialog.png</texture>
			    <colordiffuse>$VAR[DialogBGColor]</colordiffuse>
            </control>
			<control type="label" id="311" description="Heading">
                <left>64</left>
                <top>24</top>
                <width>1429</width>
                <textcolor>$VAR[HighlightColor]</textcolor>
                <align>center</align>
            </control>
            <control type="image">
                <left>64</left>
                <top>96</top>
                <width>1429</width>
                <height>60</height>
                <texture border="8">img/WhiteRoundedT.png</texture>
            </control>
            <control type="edit" id="312">
                <description>Edit Text</description>
                <left>64</left>
                <top>96</top>
                <width>1429</width>
                <height>60</height>
                <textcolor>$VAR[LabelTextColor]</textcolor>
                <font>Keyboard</font>
                <texturefocus></texturefocus>
                <texturenofocus></texturenofocus>
            </control>
            <control type="group">
                <left>64</left>
                <top>196</top>
				<control type="grouplist">
                    <description>left button column</description>
                    <itemgap>14</itemgap>
                    <orientation>vertical</orientation>
					<control type="button" id="310">
                        <description>Show/Hide password button</description>
                        <width>300</width>
                        <label></label>
                        <onup>300</onup>
                        <ondown>309</ondown>
						<onright>10001</onright>
                        <font>ListDetails</font>
                        <include>KeyboardButtons</include>
                    </control>
					<control type="button" id="309">
                        <description>Layout button</description>
                        <width>300</width>
                        <label></label>
                        <onup condition="Control.IsVisible(310)">310</onup>
						<onup condition="!Control.IsVisible(310)">300</onup>
                        <ondown>30400</ondown>
						<onright condition="!Control.IsVisible(310)">10001</onright>
						<onright condition="Control.IsVisible(310)">12001</onright>
                        <font>ListDetails</font>
                        <include>KeyboardButtons</include>
                    </control>
					<control type="grouplist" id="30400">
					    <itemgap>14</itemgap>
						<orientation>horizontal</orientation>
						<height>80</height>
						<onup>309</onup>
						<ondown>303</ondown>
						<onright condition="!Control.IsVisible(310)">12001</onright>
						<onright condition="Control.IsVisible(310)">14001</onright>
					    <control type="togglebutton" id="304">
                            <description>Symbols button</description>
                            <width>143</width>
                            <label>@#!*</label>
                            <altlabel>[COLOR=$VAR[HighlightColor]][UPPERCASE]@ ? , # ; ) ![/UPPERCASE][/COLOR]</altlabel>
                            <onup>309</onup>
                            <ondown>303</ondown>
                            <font>ListDetails</font>
                            <include>KeyboardButtons</include>
                        </control>
                        <control type="button" id="307">
                            <description>IP Input button</description>
                            <width>143</width>
                            <label>IP</label>
                            <onup>309</onup>
                            <ondown>303</ondown>
                            <font>ListDetails</font>
                            <include>KeyboardButtons</include>
                        </control>
					</control>
                    <control type="togglebutton" id="303">
                        <description>CAPS LOCK button</description>
                        <width>300</width>
                        <onup>307</onup>
                        <ondown>302</ondown>
						<onright condition="!Control.IsVisible(310)">14001</onright>
						<onright condition="Control.IsVisible(310)">16001</onright>
                        <font>ListDetails</font>
                        <label>$LOCALIZE[20179]</label>
                        <altlabel>[COLOR=$VAR[HighlightColor]][UPPERCASE]$LOCALIZE[20179][/UPPERCASE][/COLOR]</altlabel>
                        <include>KeyboardButtons</include>
                    </control>
                    <control type="togglebutton" id="302" description="Shift">
                        <width>300</width>
                        <onup>303</onup>
                        <ondown>300</ondown>
						<onright condition="!Control.IsVisible(310)">16001</onright>
						<onright condition="Control.IsVisible(310)">8001</onright>
                        <font>ListDetails</font>
                        <label>$LOCALIZE[20178]</label>
                        <altlabel>[COLOR=$VAR[HighlightColor]][UPPERCASE]$LOCALIZE[20178][/UPPERCASE][/COLOR]</altlabel>
                        <include>KeyboardButtons</include>
                    </control>
                    <control type="button" id="300" description="DONE button">
                        <width>300</width>
                        <label>[UPPERCASE]$LOCALIZE[20177][/UPPERCASE]</label>
                        <onup>302</onup>
                        <ondown>8000</ondown>
						<onright condition="!Control.IsVisible(310)">8001</onright>
						<onright condition="Control.IsVisible(310)">noop</onright>
                        <textcolor>FF4fe805</textcolor>
                        <font>ListDetails</font>
                        <include>KeyboardButtons</include>
                    </control>					
				</control>
    				
                <control type="grouplist" id="10001">
                    <left>314</left>
					<top>0</top>
					<description>1st Row</description>
                    <itemgap>14</itemgap>
                    <orientation>horizontal</orientation>
					<onleft condition="Control.IsVisible(310)">310</onleft>
					<onleft condition="!Control.IsVisible(310)">309</onleft>
                    <control type="button" id="100">
                        <description>(0,0) key button</description>
                        <label>&gt;</label>
                        <onup>32</onup>
                        <ondown>120</ondown>
                        <include>KeyboardButtons</include>
                    </control>
                    <control type="button" id="101">
                        <description>(0,1) key button</description>
                        <onup>32</onup>
                        <ondown>121</ondown>
                        <include>KeyboardButtons</include>
                    </control>
                    <control type="button" id="102">
                        <description>(0,2) button</description>
                        <onup>32</onup>
                        <ondown>122</ondown>
                        <include>KeyboardButtons</include>
                    </control>
                    <control type="button" id="103">
                        <description>(0,3) button</description>
                        <onup>32</onup>
                        <ondown>123</ondown>
                        <include>KeyboardButtons</include>
                    </control>
                    <control type="button" id="104">
                        <description>(0,4) button</description>
                        <onup>32</onup>
                        <ondown>124</ondown>
                        <include>KeyboardButtons</include>
                    </control>
                    <control type="button" id="105">
                        <description>(0,5) button</description>
                        <onup>32</onup>
                        <ondown>125</ondown>
                        <include>KeyboardButtons</include>
                    </control>
                    <control type="button" id="106">
                        <description>(0,6) button</description>
                        <onup>32</onup>
                        <ondown>126</ondown>
                        <include>KeyboardButtons</include>
                    </control>
                    <control type="button" id="107">
                        <description>(0,7) button</description>
                        <onup>32</onup>
                        <ondown>127</ondown>
                        <include>KeyboardButtons</include>
                    </control>
                    <control type="button" id="108">
                        <description>(0,8) button</description>
                        <onup>305</onup>
                        <ondown>128</ondown>
                        <include>KeyboardButtons</include>
                    </control>
                    <control type="button" id="109">
                        <description>(0,9) button</description>
                        <onup>306</onup>
                        <ondown>129</ondown>
                        <include>KeyboardButtons</include>
                    </control>
                    <control type="button" id="110">
                        <description>(0,10) button</description>
                        <onup>8</onup>
                        <ondown>130</ondown>
                        <include>KeyboardButtons</include>
                    </control>
                    <control type="button" id="111">
                        <description>(0,11) button</description>
                        <onup>8</onup>
                        <ondown>131</ondown>
                        <include>KeyboardButtons</include>
                    </control>
                </control>
                <control type="grouplist" id="12001">
                    <description>2nd Row</description>
                    <itemgap>14</itemgap>
                    <orientation>horizontal</orientation>
                    <left>314</left>
					<top>94</top>
                    <onleft condition="Control.IsVisible(310)">309</onleft>
					<onleft condition="!Control.IsVisible(310)">30400</onleft>
                    <control type="button" id="120">
                        <description>(1,0) button</description>
                        <onup>100</onup>
                        <ondown>140</ondown>
                        <include>KeyboardButtons</include>
                    </control>
                    <control type="button" id="121">
                        <description>(1,1) button</description>
                        <onup>101</onup>
                        <ondown>141</ondown>
                        <include>KeyboardButtons</include>
                    </control>
                    <control type="button" id="122">
                        <description>(1,2) button</description>
                        <onup>102</onup>
                        <ondown>142</ondown>
                        <include>KeyboardButtons</include>
                    </control>
                    <control type="button" id="123">
                        <description>(1,3) button</description>
                        <onup>103</onup>
                        <ondown>143</ondown>
                        <include>KeyboardButtons</include>
                    </control>
                    <control type="button" id="124">
                        <description>(1,4) button</description>
                        <onup>104</onup>
                        <ondown>144</ondown>
                        <include>KeyboardButtons</include>
                    </control>
                    <control type="button" id="125">
                        <description>(1,5) button</description>
                        <onup>105</onup>
                        <ondown>145</ondown>
                        <include>KeyboardButtons</include>
                    </control>
                    <control type="button" id="126">
                        <description>(1,6) button</description>
                        <onup>106</onup>
                        <ondown>146</ondown>
                        <include>KeyboardButtons</include>
                    </control>
                    <control type="button" id="127">
                        <description>(1,7) button</description>
                        <onup>107</onup>
                        <ondown>147</ondown>
                        <include>KeyboardButtons</include>
                    </control>
                    <control type="button" id="128">
                        <description>(1,8) button</description>
                        <onup>108</onup>
                        <ondown>148</ondown>
                        <include>KeyboardButtons</include>
                    </control>
                    <control type="button" id="129">
                        <description>(1,9) button</description>
                        <onup>109</onup>
                        <ondown>149</ondown>
                        <include>KeyboardButtons</include>
                    </control>
                    <control type="button" id="130">
                        <description>(1,10) button</description>
                        <onup>110</onup>
                        <ondown>150</ondown>
                        <include>KeyboardButtons</include>
                    </control>
                    <control type="button" id="131">
                        <description>(1,11) button</description>
                        <onup>111</onup>
                        <ondown>151</ondown>
                        <include>KeyboardButtons</include>
                    </control>
                </control>
                <control type="grouplist" id="14001">
                    <description>3rd Row</description>
                    <itemgap>14</itemgap>
                    <orientation>horizontal</orientation>
                    <left>314</left>
					<top>188</top>
                    <onleft condition="Control.IsVisible(310)">30400</onleft>
					<onleft condition="!Control.IsVisible(310)">303</onleft>
                    <control type="button" id="140">
                        <description>(2,0) button</description>
                        <onup>120</onup>
                        <ondown>160</ondown>
                        <include>KeyboardButtons</include>
                    </control>
                    <control type="button" id="141">
                        <description>(2,1) button</description>
                        <onup>121</onup>
                        <ondown>161</ondown>
                        <include>KeyboardButtons</include>
                    </control>
                    <control type="button" id="142">
                        <description>(2,2) button</description>
                        <onup>122</onup>
                        <ondown>162</ondown>
                        <include>KeyboardButtons</include>
                    </control>
                    <control type="button" id="143">
                        <description>(2,3) button</description>
                        <onup>123</onup>
                        <ondown>163</ondown>
                        <include>KeyboardButtons</include>
                    </control>
                    <control type="button" id="144">
                        <description>(2,4) button</description>
                        <onup>124</onup>
                        <ondown>164</ondown>
                        <include>KeyboardButtons</include>
                    </control>
                    <control type="button" id="145">
                        <description>(2,5) button</description>
                        <onup>125</onup>
                        <ondown>165</ondown>
                        <include>KeyboardButtons</include>
                    </control>
                    <control type="button" id="146">
                        <description>(2,6) button</description>
                        <onup>126</onup>
                        <ondown>166</ondown>
                        <include>KeyboardButtons</include>
                    </control>
                    <control type="button" id="147">
                        <description>(2,7) button</description>
                        <onup>127</onup>
                        <ondown>167</ondown>
                        <include>KeyboardButtons</include>
                    </control>
                    <control type="button" id="148">
                        <description>(2,8) button</description>
                        <onup>128</onup>
                        <ondown>168</ondown>
                        <include>KeyboardButtons</include>
                    </control>
                    <control type="button" id="149">
                        <description>(2,9) button</description>
                        <onup>129</onup>
                        <ondown>169</ondown>
                        <include>KeyboardButtons</include>
                    </control>
                    <control type="button" id="150">
                        <description>(2,10) button</description>
                        <onup>130</onup>
                        <ondown>170</ondown>
                        <include>KeyboardButtons</include>
                    </control>
                    <control type="button" id="151">
                        <description>(2,11) button</description>
                        <onup>131</onup>
                        <ondown>171</ondown>
                        <include>KeyboardButtons</include>
                    </control>
                </control>
                <control type="grouplist" id="16001">
                    <description>4th Row</description>
                    <itemgap>14</itemgap>
                    <orientation>horizontal</orientation>
                    <left>314</left>
					<top>282</top>
                    <onleft condition="Control.IsVisible(310)">303</onleft>
					<onleft condition="!Control.IsVisible(310)">302</onleft>
                    <control type="button" id="160">
                        <description>(3,0) button</description>
                        <onup>140</onup>
                        <ondown>32</ondown>
                        <include>KeyboardButtons</include>
                    </control>
                    <control type="button" id="161">
                        <description>(3,1) button</description>
                        <onup>141</onup>
                        <ondown>32</ondown>
                        <include>KeyboardButtons</include>
                    </control>
                    <control type="button" id="162">
                        <description>(3,2) button</description>
                        <onup>142</onup>
                        <ondown>32</ondown>
                        <include>KeyboardButtons</include>
                    </control>
                    <control type="button" id="163">
                        <description>(3,3) button</description>
                        <onup>143</onup>
                        <ondown>32</ondown>
                        <include>KeyboardButtons</include>
                    </control>
                    <control type="button" id="164">
                        <description>(3,4) button</description>
                        <onup>144</onup>
                        <ondown>32</ondown>
                        <include>KeyboardButtons</include>
                    </control>
                    <control type="button" id="165">
                        <description>(3,5) button</description>
                        <onup>145</onup>
                        <ondown>32</ondown>
                        <include>KeyboardButtons</include>
                    </control>
                    <control type="button" id="166">
                        <description>(3,6) button</description>
                        <onup>146</onup>
                        <ondown>32</ondown>
                        <include>KeyboardButtons</include>
                    </control>
                    <control type="button" id="167">
                        <description>(3,7) button</description>
                        <onup>147</onup>
                        <ondown>32</ondown>
                        <include>KeyboardButtons</include>
                    </control>
                    <control type="button" id="168">
                        <description>(3,8) button</description>
                        <onup>148</onup>
                        <ondown>305</ondown>
                        <include>KeyboardButtons</include>
                    </control>
                    <control type="button" id="169">
                        <description>(3,9) button</description>
                        <onup>149</onup>
                        <ondown>306</ondown>
                        <include>KeyboardButtons</include>
                    </control>
                    <control type="button" id="170">
                        <description>(3,10) button</description>
                        <onup>150</onup>
                        <ondown>8</ondown>
                        <include>KeyboardButtons</include>
                    </control>
                    <control type="button" id="171">
                        <description>(3,11) button</description>
                        <onup>149</onup>
                        <ondown>8</ondown>
                        <include>KeyboardButtons</include>
                    </control>
                </control>
                <control type="grouplist" id="8001">
                    <description>5th Row</description>
                    <itemgap>14</itemgap>
                    <orientation>horizontal</orientation>
                    <left>314</left>
					<posy>376</posy>
                    <onleft condition="Control.IsVisible(310)">302</onleft>
					<onleft condition="!Control.IsVisible(310)">300</onleft>
                    <control type="button" id="32">
                        <description>SPACE button</description>
                        <width>550</width>
                        <label>$LOCALIZE[20182]</label>
                        <onup>164</onup>
                        <ondown>8000</ondown>
                        <font>ListDetails</font>
                        <include>KeyboardButtons</include>
                    </control>
                    <control type="button" id="305">
                        <description>previous button</description>
                        <label>&lt;</label>
                        <onup>168</onup>
                        <ondown>8000</ondown>
                        <include>KeyboardButtons</include>
                    </control>
                    <control type="button" id="306">
                        <description>next button</description>
                        <label>&gt;</label>
                        <onup>169</onup>
                        <ondown>8000</ondown>
                        <include>KeyboardButtons</include>
                    </control>
                    <control type="button" id="8">
                        <description>BACKSPACE button</description>
                        <label>$LOCALIZE[20181]</label>
                        <onup>169</onup>
                        <ondown>8000</ondown>
                        <width>175</width>
                        <font>ListDetails</font>
                        <include>KeyboardButtons</include>
                    </control>
                </control>
            </control>

            <include condition="Skin.HasSetting(Enable.Autocompletion)">AutoCompleteSuggestions</include>
            
			<control type="group">
                <left>64</left>
                <top>684</top>
                <visible>Control.IsVisible(313)</visible>
                <control type="image">
                    <width>1429</width>
                    <height>40</height>
                    <texture colordiffuse="$VAR[FocusedTextColor]" border="8">img/WhiteRoundedST2.png</texture>
                </control>
                <control type="image">
                    <top>64</top>
                    <width>1429</width>
                    <height>40</height>
                    <texture colordiffuse="$VAR[FocusedTextColor]" border="8">img/WhiteRoundedST2.png</texture>
                </control>
                <control type="label" id="313">
                    <description>HZCODE label</description>
                    <width>1429</width>
                    <height>40</height>
                    <font>Details</font>
                    <align>left</align>
                    <textoffsetx>32</textoffsetx>
                    <aligny>center</aligny>
                </control>
                <control type="label" id="314">
                    <description>HZLIST label</description>
                    <top>64</top>
                    <width>1429</width>
                    <height>40</height>
                    <font>Details</font>
                    <align>left</align>
                    <aligny>center</aligny>
                    <textoffsetx>32</textoffsetx>
                </control>
            </control>
        </control>
    </controls>
</window>