<?xml version="1.0" encoding="UTF-8"?>
<includes>
	<!-- Custom Select -->
    <!-- Video Info Extras Button Items -->
    <include name="SelectVideoInfoExtras">
		<item>
			<label>$LOCALIZE[13511]</label>
            <onclick>Dialog.Close(1121)</onclick>
            <onclick>SendClick(movieinformation,10)</onclick>
            <visible>!Skin.HasSetting(KioskMode.Enabled)</visible>
            <visible>String.IsEmpty(Window(home).Property(OSDinfodialogButtonActive)) + [[!String.IsEmpty(Listitem.DBID) + String.IsEmpty(ListItem.Property(tmdb_id))] | [!String.IsEmpty(Window(Home).Property(InfoExtrasDBID)) + !String.IsEmpty(Window(Home).Property(InfoExtrasDBType))]]</visible>
		</item>
        <item>
			<label>$LOCALIZE[32005]</label>
            <onclick>Dialog.Close(1121)</onclick>
            <onclick condition="[String.IsEqual(ListItem.DBType,episode) | String.IsEqual(Window(Home).Property(InfoExtrasDBType),episode)]">RunScript(script.artwork.beef, mode=gui, mediatype=episode, dbid=$INFO[Window(Home).Property(InfoExtrasDBID)])</onclick>
            <onclick condition="[String.IsEqual(ListItem.DBType,tvshow) | String.IsEqual(Window(Home).Property(InfoExtrasDBType),tvshow)]">RunScript(script.artwork.beef, mode=gui, mediatype=tvshow, dbid=$INFO[Window(Home).Property(InfoExtrasDBID)])</onclick>
            <onclick condition="[String.IsEqual(ListItem.DBType,movie) | String.IsEqual(Window(Home).Property(InfoExtrasDBType),movie)]">RunScript(script.artwork.beef, mode=gui, mediatype=movie, dbid=$INFO[Window(Home).Property(InfoExtrasDBID)])</onclick>
            <onclick condition="[String.IsEqual(ListItem.DBType,set) | String.IsEqual(Window(Home).Property(InfoExtrasDBType),set)]">RunScript(script.artwork.beef, mode=gui, mediatype=set, dbid=$INFO[Window(Home).Property(InfoExtrasDBID)])</onclick>
            <onclick condition="[String.IsEqual(ListItem.DBType,musicvideo) | String.IsEqual(Window(Home).Property(InfoExtrasDBType),musicvideo)]">RunScript(script.artwork.beef, mode=gui, mediatype=musicvideo, dbid=$INFO[Window(Home).Property(InfoExtrasDBID)])</onclick>
            <visible>!Skin.HasSetting(KioskMode.Enabled)</visible>
            <visible>System.AddonIsEnabled(script.artwork.beef) + [[!String.IsEmpty(Listitem.DBID) + String.IsEmpty(ListItem.Property(tmdb_id))] | 
                     [!String.IsEmpty(Window(Home).Property(InfoExtrasDBID)) + !String.IsEmpty(Window(Home).Property(InfoExtrasDBType))]] 
            </visible>
		</item>
		<item>
			<label>$LOCALIZE[32006]</label>
            <onclick>Dialog.Close(1121)</onclick>
            <onclick condition="[String.IsEqual(ListItem.DBType,episode) | String.IsEqual(Window(Home).Property(InfoExtrasDBType),episode)]">RunScript(script.artwork.beef, mode=auto, mediatype=episode, dbid=$INFO[Window(Home).Property(InfoExtrasDBID)])</onclick>
            <onclick condition="[String.IsEqual(ListItem.DBType,tvshow) | String.IsEqual(Window(Home).Property(InfoExtrasDBType),tvshow)]">RunScript(script.artwork.beef, mode=auto, mediatype=tvshow, dbid=$INFO[Window(Home).Property(InfoExtrasDBID)])</onclick>
            <onclick condition="[String.IsEqual(ListItem.DBType,movie) | String.IsEqual(Window(Home).Property(InfoExtrasDBType),movie)]">RunScript(script.artwork.beef, mode=auto, mediatype=movie, dbid=$INFO[Window(Home).Property(InfoExtrasDBID)])</onclick>
            <onclick condition="[String.IsEqual(ListItem.DBType,set) | String.IsEqual(Window(Home).Property(InfoExtrasDBType),set)]">RunScript(script.artwork.beef, mode=auto, mediatype=set, dbid=$INFO[Window(Home).Property(InfoExtrasDBID)])</onclick>
            <onclick condition="[String.IsEqual(ListItem.DBType,musicvideo) | String.IsEqual(Window(Home).Property(InfoExtrasDBType),musicvideo)]">RunScript(script.artwork.beef, mode=auto, mediatype=musicvideo, dbid=$INFO[Window(Home).Property(InfoExtrasDBID)])</onclick>
            <visible>!Skin.HasSetting(KioskMode.Enabled)</visible>
            <visible>System.AddonIsEnabled(script.artwork.beef) + [[!String.IsEmpty(Listitem.DBID) + String.IsEmpty(ListItem.Property(tmdb_id))] | 
                     [!String.IsEmpty(Window(Home).Property(InfoExtrasDBID)) + !String.IsEmpty(Window(Home).Property(InfoExtrasDBType))]] 
            </visible>
		</item>
		<item>
			<label>$LOCALIZE[32428]</label>
            <onclick>Dialog.Close(1121)</onclick>
            <onclick condition="[String.IsEqual(ListItem.DBType,tvshow) | String.IsEqual(Window(Home).Property(InfoExtrasDBType),tvshow)]">RunScript(script.artwork.downloader, mode=gui, mediatype=tvshow, dbid=$INFO[Window(Home).Property(InfoExtrasDBID)])</onclick>
            <onclick condition="[String.IsEqual(ListItem.DBType,movie) | String.IsEqual(Window(Home).Property(InfoExtrasDBType),movie)]">RunScript(script.artwork.downloader, mode=gui, mediatype=movie, dbid=$INFO[Window(Home).Property(InfoExtrasDBID)])</onclick>
            <onclick condition="[String.IsEqual(ListItem.DBType,musicvideo) | String.IsEqual(Window(Home).Property(InfoExtrasDBType),musicvideo)]">RunScript(script.artwork.downloader, mode=gui, mediatype=musicvideo, dbid=$INFO[Window(Home).Property(InfoExtrasDBID)])</onclick>
            <visible>!Skin.HasSetting(KioskMode.Enabled)</visible>
            <visible>System.AddonIsEnabled(script.artwork.downloader) + [[!String.IsEmpty(Listitem.DBID) + String.IsEmpty(ListItem.Property(tmdb_id))] | 
                     [!String.IsEmpty(Window(Home).Property(InfoExtrasDBID)) + !String.IsEmpty(Window(Home).Property(InfoExtrasDBType))]] 
            </visible>
		</item>
		<item>
			<label>$LOCALIZE[32429]</label>
            <onclick>Dialog.Close(1121)</onclick>
            <onclick condition="[String.IsEqual(ListItem.DBType,tvshow) | String.IsEqual(Window(Home).Property(InfoExtrasDBType),tvshow)]">RunScript(script.artwork.downloader, mediatype=tvshow, dbid=$INFO[Window(Home).Property(InfoExtrasDBID)])</onclick>
            <onclick condition="[String.IsEqual(ListItem.DBType,movie) | String.IsEqual(Window(Home).Property(InfoExtrasDBType),movie)]">RunScript(script.artwork.downloader, mediatype=movie, dbid=$INFO[Window(Home).Property(InfoExtrasDBID)])</onclick>
            <onclick condition="[String.IsEqual(ListItem.DBType,musicvideo) | String.IsEqual(Window(Home).Property(InfoExtrasDBType),musicvideo)]">RunScript(script.artwork.downloader, mediatype=musicvideo, dbid=$INFO[Window(Home).Property(InfoExtrasDBID)])</onclick>
            <visible>!Skin.HasSetting(KioskMode.Enabled)</visible>
            <visible>System.AddonIsEnabled(script.artwork.downloader) + [[!String.IsEmpty(Listitem.DBID) + String.IsEmpty(ListItem.Property(tmdb_id))] | 
                     [!String.IsEmpty(Window(Home).Property(InfoExtrasDBID)) + !String.IsEmpty(Window(Home).Property(InfoExtrasDBType))]] 
            </visible>
		</item>
        <item>
			<label>$LOCALIZE[32068]</label>
            <onclick>Dialog.Close(1121)</onclick>
            <onclick>ActivateWindow(1126)</onclick>
            <visible>!String.IsEmpty(Window(Home).Property(fanart))</visible>
		</item>
        <item>
			<label>$LOCALIZE[32167]</label>
            <onclick>Dialog.Close(1121)</onclick>
            <onclick>RunScript(script.metadata.editor,dbid=$INFO[Window(Home).Property(InfoExtrasDBID)],type=$INFO[Window(Home).Property(InfoExtrasDBType)])</onclick>
            <visible>!Skin.HasSetting(KioskMode.Enabled)</visible>
            <visible>System.AddonIsEnabled(script.metadata.editor) + [!String.IsEmpty(Window(Home).Property(InfoExtrasDBID)) + !String.IsEmpty(Window(Home).Property(InfoExtrasDBType))]
            </visible>
		</item>
		<item>
			<visible>System.AddonIsEnabled(script.cinemavision) + $EXP[IsProperDBType]</visible>
            <label>$LOCALIZE[31005]</label>
            <onclick>Dialog.Close(1121)</onclick>
            <onclick condition="!String.IsEmpty(ListItem.DBID)">RunScript(script.cinemavision,dbtype=$INFO[ListItem.DBTYPE],dbid=$INFO[ListItem.DBID]))</onclick>
            <onclick condition="String.IsEmpty(ListItem.DBID) + !String.IsEmpty(Window(Home).Property(InfoExtrasDBID))">RunScript(script.cinemavision,dbtype=$INFO[Window(Home).Property(InfoExtrasDBType)],dbid=$INFO[Window(Home).Property(InfoExtrasDBID)]))</onclick>
            <visible>[!String.IsEmpty(Listitem.DBID) + String.IsEmpty(ListItem.Property(tmdb_id))] | 
                     [!String.IsEmpty(Window(Home).Property(InfoExtrasDBID)) + !String.IsEmpty(Window(Home).Property(InfoExtrasDBType))]</visible>
		</item>
		<item>
			<onclick>Dialog.Close(all,true)</onclick>
			<onclick>ActivateWindow(videos,plugin://plugin.video.youtube/search/?q=$INFO[Window(Home).Property(InfoExtrasTitle)],return)</onclick>
			<label>$LOCALIZE[137] $INFO[System.AddonTitle(plugin.video.youtube)]</label>
			<visible>System.AddonIsEnabled(plugin.video.youtube)</visible>
		</item>
	</include>
	
	<!-- Music Info Extras Button Items -->
    <include name="SelectMusicInfoExtras">
		<item>
			<label>$LOCALIZE[13511]</label>
            <onclick>Dialog.Close(1121)</onclick>
            <onclick>SendClick(musicinformation,10)</onclick>
            <visible>!Skin.HasSetting(KioskMode.Enabled)</visible>
            <visible>!String.IsEmpty(Listitem.DBID) | [!String.IsEmpty(Window(Home).Property(InfoExtrasDBID)) + !String.IsEmpty(Window(Home).Property(InfoExtrasDBType))]</visible>
		</item>
        <item>
			<label>$LOCALIZE[32005]</label>
            <onclick>Dialog.Close(1121)</onclick>
            <onclick condition="[String.IsEqual(ListItem.DBType,artist) | String.IsEqual(Window(Home).Property(InfoExtrasDBType),artist)]">RunScript(script.artwork.beef, mode=gui, mediatype=artist, dbid=$INFO[Window(Home).Property(InfoExtrasDBID)])</onclick>
            <onclick condition="[String.IsEqual(ListItem.DBType,album) | String.IsEqual(Window(Home).Property(InfoExtrasDBType),album)]">RunScript(script.artwork.beef, mode=gui, mediatype=album, dbid=$INFO[Window(Home).Property(InfoExtrasDBID)])</onclick>
            <onclick condition="[String.IsEqual(ListItem.DBType,song) | String.IsEqual(Window(Home).Property(InfoExtrasDBType),song)]">RunScript(script.artwork.beef, mode=gui, mediatype=song, dbid=$INFO[Window(Home).Property(InfoExtrasDBID)])</onclick>
            <visible>!Skin.HasSetting(KioskMode.Enabled)</visible>
            <visible>System.AddonIsEnabled(script.artwork.beef) + [!String.IsEmpty(Listitem.DBID) | 
                     [!String.IsEmpty(Window(Home).Property(InfoExtrasDBID)) + !String.IsEmpty(Window(Home).Property(InfoExtrasDBType))]] 
            </visible>
		</item>
		<item>
			<label>$LOCALIZE[32006]</label>
            <onclick>Dialog.Close(1121)</onclick>
            <onclick condition="[String.IsEqual(ListItem.DBType,artist) | String.IsEqual(Window(Home).Property(InfoExtrasDBType),artist)]">RunScript(script.artwork.beef, mode=auto, mediatype=artist, dbid=$INFO[Window(Home).Property(InfoExtrasDBID)])</onclick>
            <onclick condition="[String.IsEqual(ListItem.DBType,album) | String.IsEqual(Window(Home).Property(InfoExtrasDBType),album)]">RunScript(script.artwork.beef, mode=auto, mediatype=album, dbid=$INFO[Window(Home).Property(InfoExtrasDBID)])</onclick>
            <onclick condition="[String.IsEqual(ListItem.DBType,song) | String.IsEqual(Window(Home).Property(InfoExtrasDBType),song)]">RunScript(script.artwork.beef, mode=auto, mediatype=song, dbid=$INFO[Window(Home).Property(InfoExtrasDBID)])</onclick>
            <visible>!Skin.HasSetting(KioskMode.Enabled)</visible>
            <visible>System.AddonIsEnabled(script.artwork.beef) + [!String.IsEmpty(Listitem.DBID) | 
                     [!String.IsEmpty(Window(Home).Property(InfoExtrasDBID)) + !String.IsEmpty(Window(Home).Property(InfoExtrasDBType))]] 
            </visible>
		</item>
        <item>
			<label>$LOCALIZE[32068]</label>
            <onclick>Dialog.Close(1121)</onclick>
            <onclick>ActivateWindow(1126)</onclick>
            <visible>!String.IsEmpty(Window(Home).Property(fanart))</visible>
		</item>
        <item>
			<label>$LOCALIZE[32167]</label>
            <onclick>Dialog.Close(1121)</onclick>
            <onclick>RunScript(script.metadata.editor,dbid=$INFO[Window(Home).Property(InfoExtrasDBID)],type=$INFO[Window(Home).Property(InfoExtrasDBType)])</onclick>
            <visible>!Skin.HasSetting(KioskMode.Enabled)</visible>
            <visible>System.AddonIsEnabled(script.metadata.editor) + [!String.IsEmpty(Window(Home).Property(InfoExtrasDBID)) + !String.IsEmpty(Window(Home).Property(InfoExtrasDBType))]
            </visible>
		</item>
		<item>
			<onclick>Dialog.Close(all,true)</onclick>
			<onclick>ActivateWindow(videos,plugin://plugin.video.youtube/search/?q=$INFO[Window(Home).Property(InfoExtrasArtist)],return)</onclick>
			<label>$LOCALIZE[137] $INFO[System.AddonTitle(plugin.video.youtube)]</label>
			<visible>System.AddonIsEnabled(plugin.video.youtube)</visible>
		</item>
	</include>
    
    <!-- Select delay in seconds to rotate fanart on home screen -->
	<include name="SelectFanartTimePerImage">
		<item>
			<label>5 $LOCALIZE[32047]</label>
			<onclick>Dialog.Close(1121)</onclick>
			<onclick>Skin.SetString(FanartTimePerImage,5)</onclick>
			<onclick condition="Skin.HasSetting(Enable.EmbuaryHelper)">Skin.SetString(BackgroundInterval,5)</onclick>
		</item>
		<item>
			<label>6 $LOCALIZE[32047]</label>
			<onclick>Dialog.Close(1121)</onclick>
			<onclick>Skin.SetString(FanartTimePerImage,6)</onclick>
			<onclick condition="Skin.HasSetting(Enable.EmbuaryHelper)">Skin.SetString(BackgroundInterval,6)</onclick>
		</item>
		<item>
			<label>7 $LOCALIZE[32047]</label>
			<onclick>Dialog.Close(1121)</onclick>
			<onclick>Skin.Reset(FanartTimePerImage)</onclick>
			<onclick condition="Skin.HasSetting(Enable.EmbuaryHelper)">Skin.SetString(BackgroundInterval,7)</onclick>
		</item>
		<item>
			<label>8 $LOCALIZE[32047]</label>
			<onclick>Dialog.Close(1121)</onclick>
			<onclick>Skin.SetString(FanartTimePerImage,8)</onclick>
			<onclick condition="Skin.HasSetting(Enable.EmbuaryHelper)">Skin.SetString(BackgroundInterval,8)</onclick>
		</item>
		<item>
			<label>9 $LOCALIZE[32047]</label>
			<onclick>Dialog.Close(1121)</onclick>
			<onclick>Skin.SetString(FanartTimePerImage,9)</onclick>
			<onclick condition="Skin.HasSetting(Enable.EmbuaryHelper)">Skin.SetString(BackgroundInterval,9)</onclick>
		</item>
		<item>
			<label>10 $LOCALIZE[32047]</label>
			<onclick>Dialog.Close(1121)</onclick>
			<onclick>Skin.SetString(FanartTimePerImage,10)</onclick>
			<onclick condition="Skin.HasSetting(Enable.EmbuaryHelper)">Skin.SetString(BackgroundInterval,10)</onclick>
		</item>
		<item>
			<label>15 $LOCALIZE[32047]</label>
			<onclick>Dialog.Close(1121)</onclick>
			<onclick>Skin.SetString(FanartTimePerImage,15)</onclick>
			<onclick condition="Skin.HasSetting(Enable.EmbuaryHelper)">Skin.SetString(BackgroundInterval,15)</onclick>
		</item>
		<item>
			<label>20 $LOCALIZE[32047]</label>
			<onclick>Dialog.Close(1121)</onclick>
			<onclick>Skin.SetString(FanartTimePerImage,20)</onclick>
			<onclick condition="Skin.HasSetting(Enable.EmbuaryHelper)">Skin.SetString(BackgroundInterval,20)</onclick>
		</item>
		<item>
			<label>30 $LOCALIZE[32047]</label>
			<onclick>Dialog.Close(1121)</onclick>
			<onclick>Skin.SetString(FanartTimePerImage,30)</onclick>
			<onclick condition="Skin.HasSetting(Enable.EmbuaryHelper)">Skin.SetString(BackgroundInterval,30)</onclick>
		</item>
		<item>
			<label>60 $LOCALIZE[32047]</label>
			<onclick>Dialog.Close(1121)</onclick>
			<onclick>Skin.SetString(FanartTimePerImage,60)</onclick>
			<onclick condition="Skin.HasSetting(Enable.EmbuaryHelper)">Skin.SetString(BackgroundInterval,60)</onclick>
		</item>
		<item>
			<label>90 $LOCALIZE[32047]</label>
			<onclick>Dialog.Close(1121)</onclick>
			<onclick>Skin.SetString(FanartTimePerImage,90)</onclick>
			<onclick condition="Skin.HasSetting(Enable.EmbuaryHelper)">Skin.SetString(BackgroundInterval,90)</onclick>
		</item>
	</include>
    <!-- Select default background for the skin: one image, multi-image or reset to skin default -->
	<include name="SelectDefaultBackground">
		<item>
			<label>$LOCALIZE[31113]</label>
			<onclick>Dialog.Close(1121)</onclick>
			<onclick>Skin.SetImage(Default.Background,special://skin/backgrounds)</onclick>
		</item>
		<item>
			<label>$LOCALIZE[31114]</label>
			<onclick>Dialog.Close(1121)</onclick>
			<onclick>Skin.SetPath(Default.Background)</onclick>
		</item>		
        <item>
			<label>$LOCALIZE[15109]</label>
			<onclick>Dialog.Close(1121)</onclick>
			<onclick>Skin.Reset(Default.Background)</onclick>
		</item>
	</include>    
    <!-- Choose up to 25 favorite addons to show in favourite addons widget -->
	<include name="SelectFavouriteAddons">
		<item>
			<label>$LOCALIZE[24000] 1</label>
			<label2>$INFO[Skin.String(ShelfAddons.1.Label)]</label2>
			<onclick>Skin.SetAddon(ShelfAddons.1.Label,xbmc.addon.video,xbmc.addon.audio,xbmc.addon.image,xbmc.addon.game,xbmc.addon.executable)</onclick>
		</item>
		<item>
			<label>$LOCALIZE[24000] 2</label>
			<label2>$INFO[Skin.String(ShelfAddons.2.Label)]</label2>
			<onclick>Skin.SetAddon(ShelfAddons.2.Label,xbmc.addon.video,xbmc.addon.audio,xbmc.addon.image,xbmc.addon.game,xbmc.addon.executable)</onclick>
		</item>
		<item>
			<label>$LOCALIZE[24000] 3</label>
			<label2>$INFO[Skin.String(ShelfAddons.3.Label)]</label2>
			<onclick>Skin.SetAddon(ShelfAddons.3.Label,xbmc.addon.video,xbmc.addon.audio,xbmc.addon.image,xbmc.addon.game,xbmc.addon.executable)</onclick>
		</item>
		<item>
			<label>$LOCALIZE[24000] 4</label>
			<label2>$INFO[Skin.String(ShelfAddons.4.Label)]</label2>
			<onclick>Skin.SetAddon(ShelfAddons.4.Label,xbmc.addon.video,xbmc.addon.audio,xbmc.addon.image,xbmc.addon.game,xbmc.addon.executable)</onclick>
		</item>
		<item>
			<label>$LOCALIZE[24000] 5</label>
			<label2>$INFO[Skin.String(ShelfAddons.5.Label)]</label2>
			<onclick>Skin.SetAddon(ShelfAddons.5.Label,xbmc.addon.video,xbmc.addon.audio,xbmc.addon.image,xbmc.addon.game,xbmc.addon.executable)</onclick>
		</item>
		<item>
			<label>$LOCALIZE[24000] 6</label>
			<label2>$INFO[Skin.String(ShelfAddons.6.Label)]</label2>
			<onclick>Skin.SetAddon(ShelfAddons.6.Label,xbmc.addon.video,xbmc.addon.audio,xbmc.addon.image,xbmc.addon.game,xbmc.addon.executable)</onclick>
		</item>
		<item>
			<label>$LOCALIZE[24000] 7</label>
			<label2>$INFO[Skin.String(ShelfAddons.7.Label)]</label2>
			<onclick>Skin.SetAddon(ShelfAddons.7.Label,xbmc.addon.video,xbmc.addon.audio,xbmc.addon.image,xbmc.addon.game,xbmc.addon.executable)</onclick>
		</item>
		<item>
			<label>$LOCALIZE[24000] 8</label>
			<label2>$INFO[Skin.String(ShelfAddons.8.Label)]</label2>
			<onclick>Skin.SetAddon(ShelfAddons.8.Label,xbmc.addon.video,xbmc.addon.audio,xbmc.addon.image,xbmc.addon.game,xbmc.addon.executable)</onclick>
		</item>
		<item>
			<label>$LOCALIZE[24000] 9</label>
			<label2>$INFO[Skin.String(ShelfAddons.9.Label)]</label2>
			<onclick>Skin.SetAddon(ShelfAddons.9.Label,xbmc.addon.video,xbmc.addon.audio,xbmc.addon.image,xbmc.addon.game,xbmc.addon.executable)</onclick>
		</item>
		<item>
			<label>$LOCALIZE[24000] 10</label>
			<label2>$INFO[Skin.String(ShelfAddons.10.Label)]</label2>
			<onclick>Skin.SetAddon(ShelfAddons.10.Label,xbmc.addon.video,xbmc.addon.audio,xbmc.addon.image,xbmc.addon.game,xbmc.addon.executable)</onclick>
		</item>
		<item>
			<label>$LOCALIZE[24000] 11</label>
			<label2>$INFO[Skin.String(ShelfAddons.11.Label)]</label2>
			<onclick>Skin.SetAddon(ShelfAddons.11.Label,xbmc.addon.video,xbmc.addon.audio,xbmc.addon.image,xbmc.addon.game,xbmc.addon.executable)</onclick>
		</item>
		<item>
			<label>$LOCALIZE[24000] 12</label>
			<label2>$INFO[Skin.String(ShelfAddons.12.Label)]</label2>
			<onclick>Skin.SetAddon(ShelfAddons.12.Label,xbmc.addon.video,xbmc.addon.audio,xbmc.addon.image,xbmc.addon.game,xbmc.addon.executable)</onclick>
		</item>
		<item>
			<label>$LOCALIZE[24000] 13</label>
			<label2>$INFO[Skin.String(ShelfAddons.13.Label)]</label2>
			<onclick>Skin.SetAddon(ShelfAddons.13.Label,xbmc.addon.video,xbmc.addon.audio,xbmc.addon.image,xbmc.addon.game,xbmc.addon.executable)</onclick>
		</item>
		<item>
			<label>$LOCALIZE[24000] 14</label>
			<label2>$INFO[Skin.String(ShelfAddons.14.Label)]</label2>
			<onclick>Skin.SetAddon(ShelfAddons.14.Label,xbmc.addon.video,xbmc.addon.audio,xbmc.addon.image,xbmc.addon.game,xbmc.addon.executable)</onclick>
		</item>
		<item>
			<label>$LOCALIZE[24000] 15</label>
			<label2>$INFO[Skin.String(ShelfAddons.15.Label)]</label2>
			<onclick>Skin.SetAddon(ShelfAddons.15.Label,xbmc.addon.video,xbmc.addon.audio,xbmc.addon.image,xbmc.addon.game,xbmc.addon.executable)</onclick>
		</item>
		<item>
			<label>$LOCALIZE[24000] 16</label>
			<label2>$INFO[Skin.String(ShelfAddons.16.Label)]</label2>
			<onclick>Skin.SetAddon(ShelfAddons.16.Label,xbmc.addon.video,xbmc.addon.audio,xbmc.addon.image,xbmc.addon.game,xbmc.addon.executable)</onclick>
		</item>
		<item>
			<label>$LOCALIZE[24000] 17</label>
			<label2>$INFO[Skin.String(ShelfAddons.17.Label)]</label2>
			<onclick>Skin.SetAddon(ShelfAddons.17.Label,xbmc.addon.video,xbmc.addon.audio,xbmc.addon.image,xbmc.addon.game,xbmc.addon.executable)</onclick>
		</item>
		<item>
			<label>$LOCALIZE[24000] 18</label>
			<label2>$INFO[Skin.String(ShelfAddons.18.Label)]</label2>
			<onclick>Skin.SetAddon(ShelfAddons.18.Label,xbmc.addon.video,xbmc.addon.audio,xbmc.addon.image,xbmc.addon.game,xbmc.addon.executable)</onclick>
		</item>
		<item>
			<label>$LOCALIZE[24000] 19</label>
			<label2>$INFO[Skin.String(ShelfAddons.19.Label)]</label2>
			<onclick>Skin.SetAddon(ShelfAddons.19.Label,xbmc.addon.video,xbmc.addon.audio,xbmc.addon.image,xbmc.addon.game,xbmc.addon.executable)</onclick>
		</item>
		<item>
			<label>$LOCALIZE[24000] 20</label>
			<label2>$INFO[Skin.String(ShelfAddons.20.Label)]</label2>
			<onclick>Skin.SetAddon(ShelfAddons.20.Label,xbmc.addon.video,xbmc.addon.audio,xbmc.addon.image,xbmc.addon.game,xbmc.addon.executable)</onclick>
		</item>
		<item>
			<label>$LOCALIZE[24000] 21</label>
			<label2>$INFO[Skin.String(ShelfAddons.21.Label)]</label2>
			<onclick>Skin.SetAddon(ShelfAddons.21.Label,xbmc.addon.video,xbmc.addon.audio,xbmc.addon.image,xbmc.addon.game,xbmc.addon.executable)</onclick>
		</item>
		<item>
			<label>$LOCALIZE[24000] 22</label>
			<label2>$INFO[Skin.String(ShelfAddons.22.Label)]</label2>
			<onclick>Skin.SetAddon(ShelfAddons.22.Label,xbmc.addon.video,xbmc.addon.audio,xbmc.addon.image,xbmc.addon.game,xbmc.addon.executable)</onclick>
		</item>
		<item>
			<label>$LOCALIZE[24000] 23</label>
			<label2>$INFO[Skin.String(ShelfAddons.23.Label)]</label2>
			<onclick>Skin.SetAddon(ShelfAddons.23.Label,xbmc.addon.video,xbmc.addon.audio,xbmc.addon.image,xbmc.addon.game,xbmc.addon.executable)</onclick>
		</item>
		<item>
			<label>$LOCALIZE[24000] 24</label>
			<label2>$INFO[Skin.String(ShelfAddons.24.Label)]</label2>
			<onclick>Skin.SetAddon(ShelfAddons.24.Label,xbmc.addon.video,xbmc.addon.audio,xbmc.addon.image,xbmc.addon.game,xbmc.addon.executable)</onclick>
		</item>
		<item>
			<label>$LOCALIZE[24000] 25</label>
			<label2>$INFO[Skin.String(ShelfAddons.25.Label)]</label2>
			<onclick>Skin.SetAddon(ShelfAddons.25.Label,xbmc.addon.video,xbmc.addon.audio,xbmc.addon.image,xbmc.addon.game,xbmc.addon.executable)</onclick>
		</item>
	</include>
    <!-- Select Video Genre Icons: Custom Path, Image Resource or Reset Path -->
	<include name="SelectVideoGenreIcons">
		<item>
			<label>$LOCALIZE[32285]</label>
			<onclick>Dialog.Close(1121)</onclick>
			<onclick>Skin.SetPath(CustomVideoGenreIconsPath)</onclick>
			<onclick>Skin.Reset(moviegenreiconsresource.path)</onclick>
			<onclick>Skin.Reset(moviegenreiconsresource.ext)</onclick>
			<onclick>Skin.Reset(moviegenreiconsresource.name)</onclick>
		</item>
		<item>
			<label>  - $LOCALIZE[32286]</label>
			<onclick>Dialog.Close(1121)</onclick>
			<onclick>Skin.Reset(CustomVideoGenreIconsPath)</onclick>
			<visible>!String.IsEmpty(Skin.String(CustomVideoGenreIconsPath))</visible>
		</item>	
        <item>
			<label>$LOCALIZE[32287]</label>
			<onclick>Dialog.Close(1121)</onclick>
			<onclick>RunScript(script.image.resource.select,property=moviegenreiconsresource&amp;type=resource.images.moviegenreicons)</onclick>
			<onclick>Skin.Reset(CustomVideoGenreIconsPath)</onclick>
			<visible>System.AddonIsEnabled(script.image.resource.select)</visible>
		</item>
	</include>
	<!-- Select Video Genre Fanart: Custom Path, Image Resource or Reset Path -->
	<include name="SelectVideoGenreFanart">
		<item>
			<label>$LOCALIZE[32285]</label>
			<onclick>Dialog.Close(1121)</onclick>
			<onclick>Skin.SetPath(CustomVideoGenreFanartPath)</onclick>
			<onclick>Skin.Reset(moviegenrefanartresource.path)</onclick>
			<onclick>Skin.Reset(moviegenrefanartresource.ext)</onclick>
			<onclick>Skin.Reset(moviegenrefanartresource.name)</onclick>
		</item>
		<item>
			<label>  - $LOCALIZE[32286]</label>
			<onclick>Dialog.Close(1121)</onclick>
			<onclick>Skin.Reset(CustomVideoGenreFanartPath)</onclick>
			<visible>!String.IsEmpty(Skin.String(CustomVideoGenreFanartPath))</visible>
		</item>		
        <item>
			<label>$LOCALIZE[32287]</label>
			<onclick>Dialog.Close(1121)</onclick>
			<onclick>RunScript(script.image.resource.select,property=moviegenrefanartresource&amp;type=resource.images.moviegenrefanart)</onclick>
			<onclick>Skin.Reset(CustomVideoGenreFanartPath)</onclick>
			<onclick>Skin.Reset(CustomVideoGenreFanart.Multi)</onclick>
			<visible>System.AddonIsEnabled(script.image.resource.select)</visible>
		</item>
	</include>
	<!-- Select Music Genre Icons: Custom Path, Image Resource or Reset Path -->
	<include name="SelectMusicGenreIcons">
		<item>
			<label>$LOCALIZE[32285]</label>
			<onclick>Dialog.Close(1121)</onclick>
			<onclick>Skin.SetPath(CustomMusicGenreIconsPath)</onclick>
			<onclick>Skin.Reset(musicgenreiconsresource.path)</onclick>
			<onclick>Skin.Reset(musicgenreiconsresource.ext)</onclick>
			<onclick>Skin.Reset(musicgenreiconsresource.name)</onclick>
		</item>
		<item>
			<label>  - $LOCALIZE[32286]</label>
			<onclick>Dialog.Close(1121)</onclick>
			<onclick>Skin.Reset(CustomMusicGenreIconsPath)</onclick>
			<visible>!String.IsEmpty(Skin.String(CustomMusicGenreIconsPath))</visible>
		</item>		
        <item>
			<label>$LOCALIZE[32287]</label>
			<onclick>Dialog.Close(1121)</onclick>
			<onclick>RunScript(script.image.resource.select,property=musicgenreiconsresource&amp;type=resource.images.musicgenreicons)</onclick>
			<onclick>Skin.Reset(CustomMusicGenreIconsPath)</onclick>
			<visible>System.AddonIsEnabled(script.image.resource.select)</visible>
		</item>
	</include>
	<!-- Select Music Genre Fanart: Custom Path, Image Resource or Reset Path -->
	<include name="SelectMusicGenreFanart">
		<item>
			<label>$LOCALIZE[32285]</label>
			<onclick>Dialog.Close(1121)</onclick>
			<onclick>Skin.SetPath(CustomMusicGenreFanartPath)</onclick>
			<onclick>Skin.Reset(musicgenrefanartresource.path)</onclick>
			<onclick>Skin.Reset(musicgenrefanartresource.ext)</onclick>
			<onclick>Skin.Reset(musicgenrefanartresource.name)</onclick>
		</item>
		<item>
			<label>  - $LOCALIZE[32286]</label>
			<onclick>Dialog.Close(1121)</onclick>
			<onclick>Skin.Reset(CustomMusicGenreFanartPath)</onclick>
			<visible>!String.IsEmpty(Skin.String(CustomMusicGenreFanartPath))</visible>
		</item>		
        <item>
			<label>$LOCALIZE[32287]</label>
			<onclick>Dialog.Close(1121)</onclick>
			<onclick>RunScript(script.image.resource.select,property=musicgenrefanartresource&amp;type=resource.images.musicgenrefanart)</onclick>
			<onclick>Skin.Reset(CustomMusicGenreFanartPath)</onclick>
			<onclick>Skin.Reset(CustomMusicGenreFanart.Multi)</onclick>
			<visible>System.AddonIsEnabled(script.image.resource.select)</visible>
		</item>
	</include>
	<include name="SelectAmberFlixDimLevel">
		<item>
			<label>100%</label>
			<onclick>Dialog.Close(1121)</onclick>
			<onclick>Skin.SetString(AmberFlix.DimLevel,100%)</onclick>
		</item>
		<item>
			<label>90%</label>
			<onclick>Dialog.Close(1121)</onclick>
			<onclick>Skin.SetString(AmberFlix.DimLevel,90%)</onclick>
		</item>
		<item>
			<label>80%</label>
			<onclick>Dialog.Close(1121)</onclick>
			<onclick>Skin.SetString(AmberFlix.DimLevel,80%)</onclick>
		</item>
		<item>
			<label>70%</label>
			<onclick>Dialog.Close(1121)</onclick>
			<onclick>Skin.SetString(AmberFlix.DimLevel,70%)</onclick>
		</item>
		<item>
			<label>60% - $LOCALIZE[571]</label>
			<onclick>Dialog.Close(1121)</onclick>
			<onclick>Skin.Reset(AmberFlix.DimLevel)</onclick>
		</item>
		<item>
			<label>50%</label>
			<onclick>Dialog.Close(1121)</onclick>
			<onclick>Skin.SetString(AmberFlix.DimLevel,50%)</onclick>
		</item>
		<item>
			<label>40%</label>
			<onclick>Dialog.Close(1121)</onclick>
			<onclick>Skin.SetString(AmberFlix.DimLevel,40%)</onclick>
		</item>
		<item>
			<label>30%</label>
			<onclick>Dialog.Close(1121)</onclick>
			<onclick>Skin.SetString(AmberFlix.DimLevel,30%)</onclick>
		</item>
		<item>
			<label>20%</label>
			<onclick>Dialog.Close(1121)</onclick>
			<onclick>Skin.SetString(AmberFlix.DimLevel,20%)</onclick>
		</item>
		<item>
			<label>10%</label>
			<onclick>Dialog.Close(1121)</onclick>
			<onclick>Skin.SetString(AmberFlix.DimLevel,10%)</onclick>
		</item>
		<item>
			<label>0%</label>
			<onclick>Dialog.Close(1121)</onclick>
			<onclick>Skin.SetString(AmberFlix.DimLevel,0%)</onclick>
		</item>
	</include>
	<include name="SelectDefaultFont">
		<item>
			<label>$LOCALIZE[31118]</label>
			<onclick>Dialog.Close(1121)</onclick>
			<onclick>Skin.Reset(Regular.Fonts)</onclick>
			<onclick>Skin.Reset(Large.Fonts)</onclick>
			<onclick>Skin.SetBool(Smaller.Fonts)</onclick>
			<onclick>ReloadSkin()</onclick>
		</item>
		<item>
			<label>$LOCALIZE[31119]</label>
			<onclick>Dialog.Close(1121)</onclick>
			<onclick>Skin.Reset(Smaller.Fonts)</onclick>
			<onclick>Skin.Reset(Large.Fonts)</onclick>
			<onclick>Skin.SetBool(Regular.Fonts)</onclick>
			<onclick>ReloadSkin()</onclick>
		</item>
		<item>
			<label>$LOCALIZE[31120]</label>
			<onclick>Dialog.Close(1121)</onclick>
			<onclick>Skin.Reset(Regular.Fonts)</onclick>
			<onclick>Skin.Reset(Smaller.Fonts)</onclick>
			<onclick>Skin.SetBool(Large.Fonts)</onclick>
			<onclick>ReloadSkin()</onclick>
		</item>
	</include>
	<!-- Disc art fallback -->
	<include name="SelectNowPlayingMusicDiscArtFallback">
		<item>
			<label>$LOCALIZE[231]</label>
			<onclick>Dialog.Close(1128)</onclick>
			<onclick>Skin.SetString(NowPlayingMusicDiscArtFallback,none)</onclick>
		</item>
		<item>
			<label>CD</label>
			<icon>thumbs/disc/cd.png</icon>
			<onclick>Dialog.Close(1128)</onclick>
			<onclick>Skin.Reset(NowPlayingMusicDiscArtFallback)</onclick>
		</item>
		<item>
			<label>$LOCALIZE[32305]</label>
			<icon>thumbs/disc/vinyl.png</icon>
			<onclick>Dialog.Close(1128)</onclick>
			<onclick>Skin.SetString(NowPlayingMusicDiscArtFallback,vinyl)</onclick>
		</item>
		<item>
			<label>$LOCALIZE[14234]</label>
			<icon>thumbs/disc/bd.png</icon>
			<onclick>Dialog.Close(1128)</onclick>
			<onclick>Skin.SetString(NowPlayingMusicDiscArtFallback,bd)</onclick>
		</item>
		<item>
			<label>$LOCALIZE[32307]</label>
			<icon>thumbs/disc/white.png</icon>
			<onclick>Dialog.Close(1128)</onclick>
			<onclick>Skin.SetString(NowPlayingMusicDiscArtFallback,white)</onclick>
		</item>
		<item>
			<label>$LOCALIZE[32308]</label>
			<icon>thumbs/disc/blue.png</icon>
			<onclick>Dialog.Close(1128)</onclick>
			<onclick>Skin.SetString(NowPlayingMusicDiscArtFallback,blue)</onclick>
		</item>
		<item>
			<label>$LOCALIZE[32309]</label>
			<icon>thumbs/disc/golden.png</icon>
			<onclick>Dialog.Close(1128)</onclick>
			<onclick>Skin.SetString(NowPlayingMusicDiscArtFallback,golden)</onclick>
		</item>
		<item>
			<label>$LOCALIZE[32310]</label>
			<icon>thumbs/disc/green.png</icon>
			<onclick>Dialog.Close(1128)</onclick>
			<onclick>Skin.SetString(NowPlayingMusicDiscArtFallback,green)</onclick>
		</item>
		<item>
			<label>$LOCALIZE[32311]</label>
			<icon>thumbs/disc/grey.png</icon>
			<onclick>Dialog.Close(1128)</onclick>
			<onclick>Skin.SetString(NowPlayingMusicDiscArtFallback,grey)</onclick>
		</item>
		<item>
			<label>$LOCALIZE[32312]</label>
			<icon>thumbs/disc/orange.png</icon>
			<onclick>Dialog.Close(1128)</onclick>
			<onclick>Skin.SetString(NowPlayingMusicDiscArtFallback,orange)</onclick>
		</item>
		<item>
			<label>$LOCALIZE[32313]</label>
			<icon>thumbs/disc/purple.png</icon>
			<onclick>Dialog.Close(1128)</onclick>
			<onclick>Skin.SetString(NowPlayingMusicDiscArtFallback,purple)</onclick>
		</item>
		<item>
			<label>$LOCALIZE[32314]</label>
			<icon>thumbs/disc/red.png</icon>
			<onclick>Dialog.Close(1128)</onclick>
			<onclick>Skin.SetString(NowPlayingMusicDiscArtFallback,red)</onclick>
		</item>
	</include>
	<include name="SelectNowPlayingVideoDiscArtFallback">
		<item>
			<label>$LOCALIZE[231]</label>
			<onclick>Dialog.Close(1128)</onclick>
			<onclick>Skin.SetString(NowPlayingVideoDiscArtFallback,none)</onclick>
		</item>
		<item>
			<label>$LOCALIZE[14234]</label>
			<icon>thumbs/disc/bd.png</icon>
			<onclick>Dialog.Close(1128)</onclick>
			<onclick>Skin.Reset(NowPlayingVideoDiscArtFallback)</onclick>
		</item>
		<item>
			<label>$LOCALIZE[32305]</label>
			<icon>thumbs/disc/vinyl.png</icon>
			<onclick>Dialog.Close(1128)</onclick>
			<onclick>Skin.SetString(NowPlayingVideoDiscArtFallback,vinyl)</onclick>
		</item>
		<item>
			<label>CD</label>
			<icon>thumbs/disc/cd.png</icon>
			<onclick>Dialog.Close(1128)</onclick>
			<onclick>Skin.SetString(NowPlayingVideoDiscArtFallback,cd)</onclick>
		</item>
		<item>
			<label>$LOCALIZE[32307]</label>
			<icon>thumbs/disc/white.png</icon>
			<onclick>Dialog.Close(1128)</onclick>
			<onclick>Skin.SetString(NowPlayingVideoDiscArtFallback,white)</onclick>
		</item>
		<item>
			<label>$LOCALIZE[32308]</label>
			<icon>thumbs/disc/blue.png</icon>
			<onclick>Dialog.Close(1128)</onclick>
			<onclick>Skin.SetString(NowPlayingVideoDiscArtFallback,blue)</onclick>
		</item>
		<item>
			<label>$LOCALIZE[32309]</label>
			<icon>thumbs/disc/golden.png</icon>
			<onclick>Dialog.Close(1128)</onclick>
			<onclick>Skin.SetString(NowPlayingVideoDiscArtFallback,golden)</onclick>
		</item>
		<item>
			<label>$LOCALIZE[32310]</label>
			<icon>thumbs/disc/green.png</icon>
			<onclick>Dialog.Close(1128)</onclick>
			<onclick>Skin.SetString(NowPlayingVideoDiscArtFallback,green)</onclick>
		</item>
		<item>
			<label>$LOCALIZE[32311]</label>
			<icon>thumbs/disc/grey.png</icon>
			<onclick>Dialog.Close(1128)</onclick>
			<onclick>Skin.SetString(NowPlayingVideoDiscArtFallback,grey)</onclick>
		</item>
		<item>
			<label>$LOCALIZE[32312]</label>
			<icon>thumbs/disc/orange.png</icon>
			<onclick>Dialog.Close(1128)</onclick>
			<onclick>Skin.SetString(NowPlayingVideoDiscArtFallback,orange)</onclick>
		</item>
		<item>
			<label>$LOCALIZE[32313]</label>
			<icon>thumbs/disc/purple.png</icon>
			<onclick>Dialog.Close(1128)</onclick>
			<onclick>Skin.SetString(NowPlayingVideoDiscArtFallback,purple)</onclick>
		</item>
		<item>
			<label>$LOCALIZE[32314]</label>
			<icon>thumbs/disc/red.png</icon>
			<onclick>Dialog.Close(1128)</onclick>
			<onclick>Skin.SetString(NowPlayingVideoDiscArtFallback,red)</onclick>
		</item>
	</include>
	<include name="SelectNowPlayingMovieInfo">
		<item>
			<label>$LOCALIZE[231]</label>
			<icon>nowplaying/videonone.png</icon>
			<onclick>Dialog.Close(1128)</onclick>
			<onclick>Skin.SetString(NowPlayingMovieInfo,none)</onclick>
		</item>
		<item>
			<label>$LOCALIZE[29915]</label>
			<icon>nowplaying/videoinfo.png</icon>
			<onclick>Dialog.Close(1128)</onclick>
			<onclick>Skin.SetString(NowPlayingMovieInfo,info)</onclick>
		</item>
		<item>
			<label>$LOCALIZE[206]</label>
			<icon>nowplaying/videocast.png</icon>
			<onclick>Dialog.Close(1128)</onclick>
			<onclick>Skin.SetString(NowPlayingMovieInfo,cast)</onclick>
		</item>
		<item>
			<label>$LOCALIZE[21821]</label>
			<icon>nowplaying/videoplot.png</icon>
			<onclick>Dialog.Close(1128)</onclick>
			<onclick>Skin.SetString(NowPlayingMovieInfo,plot)</onclick>
		</item>
		<item>
			<label>$LOCALIZE[1000]</label>
			<icon>nowplaying/videopreview.png</icon>
			<onclick>Dialog.Close(1128)</onclick>
			<onclick>Skin.SetString(NowPlayingMovieInfo,preview)</onclick>
			<visible>!Skin.HasSetting(Show_VideoBackground)</visible>
		</item>
	</include>
	<include name="SelectNowPlayingVideoInfo">
		<item>
			<label>$LOCALIZE[231]</label>
			<icon>nowplaying/videonone.png</icon>
			<onclick>Dialog.Close(1128)</onclick>
			<onclick>Skin.SetString(NowPlayingVideoInfo,none)</onclick>
		</item>
		<item>
			<label>$LOCALIZE[29915]</label>
			<icon>nowplaying/videoinfo.png</icon>
			<onclick>Dialog.Close(1128)</onclick>
			<onclick>Skin.SetString(NowPlayingVideoInfo,info)</onclick>
		</item>
		<item>
			<label>$LOCALIZE[21821]</label>
			<icon>nowplaying/videoplot.png</icon>
			<onclick>Dialog.Close(1128)</onclick>
			<onclick>Skin.SetString(NowPlayingVideoInfo,plot)</onclick>
		</item>
		<item>
			<label>$LOCALIZE[1000]</label>
			<icon>nowplaying/videopreview.png</icon>
			<onclick>Dialog.Close(1128)</onclick>
			<onclick>Skin.SetString(NowPlayingVideoInfo,preview)</onclick>
			<visible>!Skin.HasSetting(Show_VideoBackground)</visible>
		</item>
	</include>
	<include name="SelectNowPlayingMusicInfo">
		<item>
			<label>$LOCALIZE[231]</label>
			<icon>nowplaying/musicnone.png</icon>
			<onclick>Dialog.Close(1128)</onclick>
			<onclick>Skin.SetString(NowPlayingMusicInfo,none)</onclick>
		</item>
		<item>
			<label>$LOCALIZE[29915]</label>
			<icon>nowplaying/musicinfo.png</icon>
			<onclick>Dialog.Close(1128)</onclick>
			<onclick>Skin.SetString(NowPlayingMusicInfo,info)</onclick>
		</item>
		<item>
			<label>$LOCALIZE[21821]</label>
			<icon>nowplaying/musicplot.png</icon>
			<onclick>Dialog.Close(1128)</onclick>
			<onclick>Skin.SetString(NowPlayingMusicInfo,plot)</onclick>
		</item>
		<item>
			<label>$LOCALIZE[209]</label>
			<icon>nowplaying/musicnext.png</icon>
			<onclick>Dialog.Close(1128)</onclick>
			<onclick>Skin.SetString(NowPlayingMusicInfo,next)</onclick>
		</item>
		<item>
			<label>$LOCALIZE[182]</label>
			<icon>nowplaying/musictracks.png</icon>
			<onclick>Dialog.Close(1128)</onclick>
			<onclick>Skin.SetString(NowPlayingMusicInfo,tracks)</onclick>
		</item>
	</include>
	<include name="SelectMediaViewsExtraArt">
		<item>
			<label>$LOCALIZE[32306]</label>
			<onclick>Dialog.Close(1121)</onclick>
			<onclick>Skin.SetString(MediaViewsExtraArt,none)</onclick>
		</item>
		<item>
			<label>$LOCALIZE[31621]</label>
			<onclick>Dialog.Close(1121)</onclick>
			<onclick>Skin.SetString(MediaViewsExtraArt,logo)</onclick>
		</item>
		<item>
			<label>$LOCALIZE[31622]</label>
			<onclick>Dialog.Close(1121)</onclick>
			<onclick>Skin.SetString(MediaViewsExtraArt,clearart)</onclick>
		</item>
		<item>
			<label>$LOCALIZE[31623]</label>
			<onclick>Dialog.Close(1121)</onclick>
			<onclick>Skin.SetString(MediaViewsExtraArt,discart)</onclick>
		</item>
		<item>
			<label>$LOCALIZE[31624]</label>
			<onclick>Dialog.Close(1121)</onclick>
			<onclick>Skin.SetString(MediaViewsExtraArt,characterart)</onclick>
		</item>
	</include>
	<include name="SelectOSDTimeout">
		<item>
			<label>3 $LOCALIZE[32047]</label>
			<onclick>Dialog.Close(1121)</onclick>
			<onclick>Skin.SetString(OSDTimeout,three)</onclick>
		</item>
		<item>
			<label>4 $LOCALIZE[32047]</label>
			<onclick>Dialog.Close(1121)</onclick>
			<onclick>Skin.SetString(OSDTimeout,four)</onclick>
		</item>
		<item>
			<label>5 $LOCALIZE[32047]</label>
			<onclick>Dialog.Close(1121)</onclick>
			<onclick>Skin.SetString(OSDTimeout,five)</onclick>
		</item>
		<item>
			<label>6 $LOCALIZE[32047]</label>
			<onclick>Dialog.Close(1121)</onclick>
			<onclick>Skin.SetString(OSDTimeout,six)</onclick>
		</item>
		<item>
			<label>7 $LOCALIZE[32047]</label>
			<onclick>Dialog.Close(1121)</onclick>
			<onclick>Skin.SetString(OSDTimeout,seven)</onclick>
		</item>
		<item>
			<label>8 $LOCALIZE[32047]</label>
			<onclick>Dialog.Close(1121)</onclick>
			<onclick>Skin.SetString(OSDTimeout,eight)</onclick>
		</item>
		<item>
			<label>9 $LOCALIZE[32047]</label>
			<onclick>Dialog.Close(1121)</onclick>
			<onclick>Skin.SetString(OSDTimeout,nine)</onclick>
		</item>
		<item>
			<label>10 $LOCALIZE[32047]</label>
			<onclick>Dialog.Close(1121)</onclick>
			<onclick>Skin.SetString(OSDTimeout,ten)</onclick>
		</item>
		<item>
			<label>15 $LOCALIZE[32047]</label>
			<onclick>Dialog.Close(1121)</onclick>
			<onclick>Skin.SetString(OSDTimeout,fifteen)</onclick>
		</item>
		<item>
			<label>20 $LOCALIZE[32047]</label>
			<onclick>Dialog.Close(1121)</onclick>
			<onclick>Skin.SetString(OSDTimeout,twenty)</onclick>
		</item>
		<item>
			<label>30 $LOCALIZE[32047]</label>
			<onclick>Dialog.Close(1121)</onclick>
			<onclick>Skin.SetString(OSDTimeout,thirty)</onclick>
		</item>
		<item>
			<label>1 $LOCALIZE[32126]</label>
			<onclick>Dialog.Close(1121)</onclick>
			<onclick>Skin.SetString(OSDTimeout,oneminute)</onclick>
		</item>
	</include>
	<include name="SelectOSDTimeout2">
		<item>
			<label>$LOCALIZE[13113]</label>
			<onclick>Dialog.Close(1121)</onclick>
			<onclick>Skin.Reset(SkinInfo.AutoCloseVideoOSD)</onclick>
		</item>
		<item>
			<label>1 $LOCALIZE[32340]</label>
			<onclick>Dialog.Close(1121)</onclick>
			<onclick>Skin.SetString(SkinInfo.AutoCloseVideoOSD,1)</onclick>
		</item>
		<item>
			<label>2 $LOCALIZE[32047]</label>
			<onclick>Dialog.Close(1121)</onclick>
			<onclick>Skin.SetString(SkinInfo.AutoCloseVideoOSD,2)</onclick>
		</item>
		<item>
			<label>3 $LOCALIZE[32047]</label>
			<onclick>Dialog.Close(1121)</onclick>
			<onclick>Skin.SetString(SkinInfo.AutoCloseVideoOSD,3)</onclick>
		</item>
		<item>
			<label>4 $LOCALIZE[32047]</label>
			<onclick>Dialog.Close(1121)</onclick>
			<onclick>Skin.SetString(SkinInfo.AutoCloseVideoOSD,4)</onclick>
		</item>
		<item>
			<label>5 $LOCALIZE[32047]</label>
			<onclick>Dialog.Close(1121)</onclick>
			<onclick>Skin.SetString(SkinInfo.AutoCloseVideoOSD,5)</onclick>
		</item>
		<item>
			<label>6 $LOCALIZE[32047]</label>
			<onclick>Dialog.Close(1121)</onclick>
			<onclick>Skin.SetString(SkinInfo.AutoCloseVideoOSD,6)</onclick>
		</item>
		<item>
			<label>7 $LOCALIZE[32047]</label>
			<onclick>Dialog.Close(1121)</onclick>
			<onclick>Skin.SetString(SkinInfo.AutoCloseVideoOSD,7)</onclick>
		</item>
		<item>
			<label>8 $LOCALIZE[32047]</label>
			<onclick>Dialog.Close(1121)</onclick>
			<onclick>Skin.SetString(SkinInfo.AutoCloseVideoOSD,8)</onclick>
		</item>
		<item>
			<label>9 $LOCALIZE[32047]</label>
			<onclick>Dialog.Close(1121)</onclick>
			<onclick>Skin.SetString(SkinInfo.AutoCloseVideoOSD,9)</onclick>
		</item>
		<item>
			<label>10 $LOCALIZE[32047]</label>
			<onclick>Dialog.Close(1121)</onclick>
			<onclick>Skin.SetString(SkinInfo.AutoCloseVideoOSD,10)</onclick>
		</item>
	</include>
	
	<include name="SelectSeekBarInitTime">
		<item>
			<label>2 $LOCALIZE[32047]</label>
			<onclick>Dialog.Close(1121)</onclick>
			<onclick>Skin.SetString(SeekBarInit,two)</onclick>
		</item>
		<item>
			<label>3 $LOCALIZE[32047]</label>
			<onclick>Dialog.Close(1121)</onclick>
			<onclick>Skin.SetString(SeekBarInit,three)</onclick>
		</item>
		<item>
			<label>4 $LOCALIZE[32047]</label>
			<onclick>Dialog.Close(1121)</onclick>
			<onclick>Skin.SetString(SeekBarInit,four)</onclick>
		</item>
		<item>
			<label>5 $LOCALIZE[32047]</label>
			<onclick>Dialog.Close(1121)</onclick>
			<onclick>Skin.SetString(SeekBarInit,five)</onclick>
		</item>
		<item>
			<label>6 $LOCALIZE[32047]</label>
			<onclick>Dialog.Close(1121)</onclick>
			<onclick>Skin.SetString(SeekBarInit,six)</onclick>
		</item>
		<item>
			<label>7 $LOCALIZE[32047]</label>
			<onclick>Dialog.Close(1121)</onclick>
			<onclick>Skin.SetString(SeekBarInit,seven)</onclick>
		</item>
		<item>
			<label>8 $LOCALIZE[32047]</label>
			<onclick>Dialog.Close(1121)</onclick>
			<onclick>Skin.SetString(SeekBarInit,eight)</onclick>
		</item>
		<item>
			<label>10 $LOCALIZE[32047]</label>
			<onclick>Dialog.Close(1121)</onclick>
			<onclick>Skin.SetString(SeekBarInit,ten)</onclick>
		</item>
		<item>
			<label>15 $LOCALIZE[32047]</label>
			<onclick>Dialog.Close(1121)</onclick>
			<onclick>Skin.SetString(SeekBarInit,fifteen)</onclick>
		</item>
		<item>
			<label>20 $LOCALIZE[32047]</label>
			<onclick>Dialog.Close(1121)</onclick>
			<onclick>Skin.SetString(SeekBarInit,twenty)</onclick>
		</item>
	</include>
	
	<include name="SelectEnabledViews">
	    <control type="radiobutton" id="901011">
            <label>$LOCALIZE[535]</label>
            <radioposx>605</radioposx>
            <onclick>Skin.ToggleSetting(hide.listview)</onclick>
            <selected>!Skin.HasSetting(hide.listview)</selected>
        </control>
		<control type="radiobutton" id="901012">
            <label>$LOCALIZE[31962]</label>
            <radioposx>605</radioposx>
            <onclick>Skin.ToggleSetting(hide.lowlistview)</onclick>
            <selected>!Skin.HasSetting(hide.lowlistview)</selected>
        </control>
		<control type="radiobutton" id="901013">
            <label>$LOCALIZE[31999]</label>
            <radioposx>605</radioposx>
            <onclick>Skin.ToggleSetting(hide.biglistview)</onclick>
            <selected>!Skin.HasSetting(hide.biglistview)</selected>
        </control>
		<control type="radiobutton" id="901014">
            <label>$LOCALIZE[32060]</label>
            <radioposx>605</radioposx>
            <onclick>Skin.ToggleSetting(hide.talllistview)</onclick>
            <selected>!Skin.HasSetting(hide.talllistview)</selected>
        </control>
		<control type="radiobutton" id="901015">
            <label>$LOCALIZE[31648]</label>
            <radioposx>605</radioposx>
            <onclick>Skin.ToggleSetting(hide.rightlistview)</onclick>
            <selected>!Skin.HasSetting(hide.rightlistview)</selected>
        </control>
		<control type="radiobutton" id="901016">
            <label>$LOCALIZE[31963]</label>
            <radioposx>605</radioposx>
            <onclick>Skin.ToggleSetting(hide.panelview)</onclick>
            <selected>!Skin.HasSetting(hide.panelview)</selected>
        </control>
		<control type="radiobutton" id="901017">
            <label>$LOCALIZE[32245]</label>
            <radioposx>605</radioposx>
            <onclick>Skin.ToggleSetting(hide.panel2view)</onclick>
            <selected>!Skin.HasSetting(hide.panel2view)</selected>
        </control>
		<control type="radiobutton" id="901018">
            <label>$LOCALIZE[31958]</label>
            <radioposx>605</radioposx>
            <onclick>Skin.ToggleSetting(hide.bigpanelview)</onclick>
            <selected>!Skin.HasSetting(hide.bigpanelview)</selected>
        </control>
		<control type="radiobutton" id="901019">
            <label>$LOCALIZE[32246]</label>
            <radioposx>605</radioposx>
            <onclick>Skin.ToggleSetting(hide.bigpanel2view)</onclick>
            <selected>!Skin.HasSetting(hide.bigpanel2view)</selected>
        </control>
		<control type="radiobutton" id="9010110">
            <label>$LOCALIZE[536]</label>
            <radioposx>605</radioposx>
            <onclick>Skin.ToggleSetting(hide.iconsview)</onclick>
            <selected>!Skin.HasSetting(hide.iconsview)</selected>
        </control>
		<control type="radiobutton" id="9010111">
            <label>$LOCALIZE[20445]</label>
            <radioposx>605</radioposx>
            <onclick>Skin.ToggleSetting(hide.fanartview)</onclick>
            <selected>!Skin.HasSetting(hide.fanartview)</selected>
        </control>
		<control type="radiobutton" id="9010112">
            <label>$LOCALIZE[31632]</label>
            <radioposx>605</radioposx>
            <onclick>Skin.ToggleSetting(hide.simplelistview)</onclick>
            <selected>!Skin.HasSetting(hide.simplelistview)</selected>
        </control>
		<control type="radiobutton" id="9010113">
            <label>$LOCALIZE[31157]</label>
            <radioposx>605</radioposx>
            <onclick>Skin.ToggleSetting(hide.tripleview)</onclick>
            <selected>!Skin.HasSetting(hide.tripleview)</selected>
        </control>
		<control type="radiobutton" id="9010114">
            <label>$LOCALIZE[31159]</label>
            <radioposx>605</radioposx>
            <onclick>Skin.ToggleSetting(hide.logoview)</onclick>
            <selected>!Skin.HasSetting(hide.logoview)</selected>
        </control>
	</include>
	
	<include name="SelectViewsItems">
	    <control type="radiobutton" id="901011">
            <label>$LOCALIZE[32223]</label>
            <radioposx>605</radioposx>
            <onclick>Skin.ToggleSetting(ShowAudioSub)</onclick>
            <selected>Skin.HasSetting(ShowAudioSub)</selected>
        </control>
		<control type="radiobutton" id="901012">
            <label>$LOCALIZE[32231]</label>
            <radioposx>605</radioposx>
            <onclick>Skin.ToggleSetting(ShowRatingUser)</onclick>
            <selected>Skin.HasSetting(ShowRatingUser)</selected>
        </control>
		<control type="radiobutton" id="901013">
            <label>$LOCALIZE[32232]</label>
            <radioposx>605</radioposx>
            <onclick>Skin.ToggleSetting(ShowRatingMain)</onclick>
            <selected>Skin.HasSetting(ShowRatingMain)</selected>
        </control>
		<control type="radiobutton" id="901014">
            <label>$LOCALIZE[32235]</label>
            <radioposx>605</radioposx>
            <onclick>Skin.ToggleSetting(ShowMPAA)</onclick>
            <selected>Skin.HasSetting(ShowMPAA)</selected>
        </control>
		<control type="radiobutton" id="901015">
            <label>$LOCALIZE[572]</label>
            <radioposx>605</radioposx>
            <onclick>Skin.ToggleSetting(ShowStudio)</onclick>
            <selected>Skin.HasSetting(ShowStudio)</selected>
        </control>
		<control type="radiobutton" id="901016">
            <label>$LOCALIZE[32254]</label>
            <radioposx>605</radioposx>
            <onclick>Skin.ToggleSetting(HideTop250MediaViews)</onclick>
            <selected>!Skin.HasSetting(HideTop250MediaViews)</selected>
        </control>
		<control type="radiobutton" id="901017">
            <label>$LOCALIZE[32263]</label>
            <radioposx>605</radioposx>
            <onclick>Skin.ToggleSetting(ShowSetCount)</onclick>
            <selected>Skin.HasSetting(ShowSetCount)</selected>
        </control>
		<control type="radiobutton" id="901018">
            <label>$LOCALIZE[32265]</label>
            <radioposx>605</radioposx>
            <onclick>Skin.ToggleSetting(ShowPlayCount)</onclick>
            <selected>Skin.HasSetting(ShowPlayCount)</selected>
        </control>
		<control type="radiobutton" id="901019">
            <label>$LOCALIZE[32373]</label>
            <radioposx>605</radioposx>
            <onclick>Skin.ToggleSetting(ShowEndTime)</onclick>
            <selected>Skin.HasSetting(ShowEndTime)</selected>
        </control>
		<control type="radiobutton" id="9010110">
            <label>$LOCALIZE[31035]</label>
            <radioposx>605</radioposx>
            <onclick>Skin.ToggleSetting(Hide.MediaFlagsVideo)</onclick>
            <selected>!Skin.HasSetting(Hide.MediaFlagsVideo)</selected>
        </control>
		<control type="radiobutton" id="9010111">
            <label>$LOCALIZE[32291]</label>
            <radioposx>605</radioposx>
            <onclick>Skin.ToggleSetting(Show.ColorRangeFlags)</onclick>
            <selected>Skin.HasSetting(Show.ColorRangeFlags)</selected>
        </control>
	</include>
	
	<include name="SelectListOptions">
	    <control type="radiobutton" id="901011">
            <label>$LOCALIZE[32225]</label>
            <radioposx>605</radioposx>
            <onclick condition="Skin.HasSetting(DisableListPanel)">Skin.Reset(DisableListPanel)</onclick>
		    <onclick condition="Skin.HasSetting(DisableListPanel)">Skin.Reset(50_Movies_DisablePanel)</onclick>
			<onclick condition="Skin.HasSetting(DisableListPanel)">Skin.Reset(50_TVShows_DisablePanel)</onclick>
			<onclick condition="Skin.HasSetting(DisableListPanel)">Skin.Reset(50_Seasons_DisablePanel)</onclick>
			<onclick condition="Skin.HasSetting(DisableListPanel)">Skin.Reset(50_Episodes_DisablePanel)</onclick>
			<onclick condition="Skin.HasSetting(DisableListPanel)">Skin.Reset(50_Addons_DisablePanel)</onclick>
			<onclick condition="Skin.HasSetting(DisableListPanel)">Skin.Reset(50_Music_DisablePanel)</onclick>
			<onclick condition="Skin.HasSetting(DisableListPanel)">Skin.Reset(50_MusicVideos_DisablePanel)</onclick>
			<onclick condition="Skin.HasSetting(DisableListPanel)">Skin.Reset(50_Images_DisablePanel)</onclick>
			<onclick condition="Skin.HasSetting(DisableListPanel)">Skin.Reset(50_Others_DisablePanel)</onclick>
			<onclick condition="Skin.HasSetting(DisableListPanel)">Skin.Reset(54_Movies_DisablePanel)</onclick>
			<onclick condition="Skin.HasSetting(DisableListPanel)">Skin.Reset(54_TVShows_DisablePanel)</onclick>
			<onclick condition="Skin.HasSetting(DisableListPanel)">Skin.Reset(54_Seasons_DisablePanel)</onclick>
			<onclick condition="Skin.HasSetting(DisableListPanel)">Skin.Reset(54_Episodes_DisablePanel)</onclick>
			<onclick condition="Skin.HasSetting(DisableListPanel)">Skin.Reset(54_Addons_DisablePanel)</onclick>
			<onclick condition="Skin.HasSetting(DisableListPanel)">Skin.Reset(54_Music_DisablePanel)</onclick>
			<onclick condition="Skin.HasSetting(DisableListPanel)">Skin.Reset(54_MusicVideos_DisablePanel)</onclick>
			<onclick condition="Skin.HasSetting(DisableListPanel)">Skin.Reset(54_Images_DisablePanel)</onclick>
			<onclick condition="Skin.HasSetting(DisableListPanel)">Skin.Reset(54_Others_DisablePanel)</onclick>
			<onclick condition="Skin.HasSetting(DisableListPanel)">Skin.Reset(501_Movies_DisablePanel)</onclick>
			<onclick condition="Skin.HasSetting(DisableListPanel)">Skin.Reset(501_TVShows_DisablePanel)</onclick>
			<onclick condition="Skin.HasSetting(DisableListPanel)">Skin.Reset(501_Seasons_DisablePanel)</onclick>
			<onclick condition="Skin.HasSetting(DisableListPanel)">Skin.Reset(501_Episodes_DisablePanel)</onclick>
			<onclick condition="Skin.HasSetting(DisableListPanel)">Skin.Reset(501_Addons_DisablePanel)</onclick>
			<onclick condition="Skin.HasSetting(DisableListPanel)">Skin.Reset(501_Music_DisablePanel)</onclick>
			<onclick condition="Skin.HasSetting(DisableListPanel)">Skin.Reset(501_MusicVideos_DisablePanel)</onclick>
			<onclick condition="Skin.HasSetting(DisableListPanel)">Skin.Reset(501_Images_DisablePanel)</onclick>
			<onclick condition="Skin.HasSetting(DisableListPanel)">Skin.Reset(501_Others_DisablePanel)</onclick>
            <onclick condition="!Skin.HasSetting(DisableListPanel)">Skin.SetBool(DisableListPanel)</onclick>
			<onclick condition="!Skin.HasSetting(DisableListPanel)">Skin.SetBool(50_Movies_DisablePanel)</onclick>
			<onclick condition="!Skin.HasSetting(DisableListPanel)">Skin.SetBool(50_TVShows_DisablePanel)</onclick>
			<onclick condition="!Skin.HasSetting(DisableListPanel)">Skin.SetBool(50_Seasons_DisablePanel)</onclick>
			<onclick condition="!Skin.HasSetting(DisableListPanel)">Skin.SetBool(50_Episodes_DisablePanel)</onclick>
			<onclick condition="!Skin.HasSetting(DisableListPanel)">Skin.SetBool(50_Addons_DisablePanel)</onclick>
			<onclick condition="!Skin.HasSetting(DisableListPanel)">Skin.SetBool(50_Music_DisablePanel)</onclick>
			<onclick condition="!Skin.HasSetting(DisableListPanel)">Skin.SetBool(50_MusicVideos_DisablePanel)</onclick>
			<onclick condition="!Skin.HasSetting(DisableListPanel)">Skin.SetBool(50_Images_DisablePanel)</onclick>
			<onclick condition="!Skin.HasSetting(DisableListPanel)">Skin.SetBool(50_Others_DisablePanel)</onclick>
			<onclick condition="!Skin.HasSetting(DisableListPanel)">Skin.SetBool(54_Movies_DisablePanel)</onclick>
			<onclick condition="!Skin.HasSetting(DisableListPanel)">Skin.SetBool(54_TVShows_DisablePanel)</onclick>
			<onclick condition="!Skin.HasSetting(DisableListPanel)">Skin.SetBool(54_Seasons_DisablePanel)</onclick>
			<onclick condition="!Skin.HasSetting(DisableListPanel)">Skin.SetBool(54_Episodes_DisablePanel)</onclick>
			<onclick condition="!Skin.HasSetting(DisableListPanel)">Skin.SetBool(54_Addons_DisablePanel)</onclick>
			<onclick condition="!Skin.HasSetting(DisableListPanel)">Skin.SetBool(54_Music_DisablePanel)</onclick>
			<onclick condition="!Skin.HasSetting(DisableListPanel)">Skin.SetBool(54_MusicVideos_DisablePanel)</onclick>
			<onclick condition="!Skin.HasSetting(DisableListPanel)">Skin.SetBool(54_Images_DisablePanel)</onclick>
			<onclick condition="!Skin.HasSetting(DisableListPanel)">Skin.SetBool(54_Others_DisablePanel)</onclick>
			<onclick condition="!Skin.HasSetting(DisableListPanel)">Skin.SetBool(501_Movies_DisablePanel)</onclick>
			<onclick condition="!Skin.HasSetting(DisableListPanel)">Skin.SetBool(501_TVShows_DisablePanel)</onclick>
			<onclick condition="!Skin.HasSetting(DisableListPanel)">Skin.SetBool(501_Seasons_DisablePanel)</onclick>
			<onclick condition="!Skin.HasSetting(DisableListPanel)">Skin.SetBool(501_Episodes_DisablePanel)</onclick>
			<onclick condition="!Skin.HasSetting(DisableListPanel)">Skin.SetBool(501_Addons_DisablePanel)</onclick>
			<onclick condition="!Skin.HasSetting(DisableListPanel)">Skin.SetBool(501_Music_DisablePanel)</onclick>
			<onclick condition="!Skin.HasSetting(DisableListPanel)">Skin.SetBool(501_MusicVideos_DisablePanel)</onclick>
			<onclick condition="!Skin.HasSetting(DisableListPanel)">Skin.SetBool(501_Images_DisablePanel)</onclick>
			<onclick condition="!Skin.HasSetting(DisableListPanel)">Skin.SetBool(501_Others_DisablePanel)</onclick>
			<selected>Skin.HasSetting(DisableListPanel)</selected>
        </control>
		<control type="radiobutton" id="901012">
            <visible>!Skin.HasSetting(DisableListPanel)</visible>
			<label>$LOCALIZE[32243]</label>
            <radioposx>605</radioposx>
            <onclick condition="Skin.HasSetting(SwapListPanel)">Skin.Reset(SwapListPanel)</onclick>
			<onclick condition="Skin.HasSetting(SwapListPanel)">Skin.Reset(50_Movies_SwapPanel)</onclick>
			<onclick condition="Skin.HasSetting(SwapListPanel)">Skin.Reset(50_TVShows_SwapPanel)</onclick>
			<onclick condition="Skin.HasSetting(SwapListPanel)">Skin.Reset(50_Seasons_SwapPanel)</onclick>
			<onclick condition="Skin.HasSetting(SwapListPanel)">Skin.Reset(50_Episodes_SwapPanel)</onclick>
			<onclick condition="Skin.HasSetting(SwapListPanel)">Skin.Reset(50_Addons_SwapPanel)</onclick>
			<onclick condition="Skin.HasSetting(SwapListPanel)">Skin.Reset(50_Music_SwapPanel)</onclick>
			<onclick condition="Skin.HasSetting(SwapListPanel)">Skin.Reset(50_MusicVideos_SwapPanel)</onclick>
			<onclick condition="Skin.HasSetting(SwapListPanel)">Skin.Reset(50_Images_SwapPanel)</onclick>
			<onclick condition="Skin.HasSetting(SwapListPanel)">Skin.Reset(50_Others_SwapPanel)</onclick>
			<onclick condition="Skin.HasSetting(SwapListPanel)">Skin.Reset(54_Movies_SwapPanel)</onclick>
			<onclick condition="Skin.HasSetting(SwapListPanel)">Skin.Reset(54_TVShows_SwapPanel)</onclick>
			<onclick condition="Skin.HasSetting(SwapListPanel)">Skin.Reset(54_Seasons_SwapPanel)</onclick>
			<onclick condition="Skin.HasSetting(SwapListPanel)">Skin.Reset(54_Episodes_SwapPanel)</onclick>
			<onclick condition="Skin.HasSetting(SwapListPanel)">Skin.Reset(54_Addons_SwapPanel)</onclick>
			<onclick condition="Skin.HasSetting(SwapListPanel)">Skin.Reset(54_Music_SwapPanel)</onclick>
			<onclick condition="Skin.HasSetting(SwapListPanel)">Skin.Reset(54_MusicVideos_SwapPanel)</onclick>
			<onclick condition="Skin.HasSetting(SwapListPanel)">Skin.Reset(54_Images_SwapPanel)</onclick>
			<onclick condition="Skin.HasSetting(SwapListPanel)">Skin.Reset(54_Others_SwapPanel)</onclick>
			<onclick condition="Skin.HasSetting(SwapListPanel)">Skin.Reset(501_Movies_SwapPanel)</onclick>
			<onclick condition="Skin.HasSetting(SwapListPanel)">Skin.Reset(501_TVShows_SwapPanel)</onclick>
			<onclick condition="Skin.HasSetting(SwapListPanel)">Skin.Reset(501_Seasons_SwapPanel)</onclick>
			<onclick condition="Skin.HasSetting(SwapListPanel)">Skin.Reset(501_Episodes_SwapPanel)</onclick>
			<onclick condition="Skin.HasSetting(SwapListPanel)">Skin.Reset(501_Addons_SwapPanel)</onclick>
			<onclick condition="Skin.HasSetting(SwapListPanel)">Skin.Reset(501_Music_SwapPanel)</onclick>
			<onclick condition="Skin.HasSetting(SwapListPanel)">Skin.Reset(501_MusicVideos_SwapPanel)</onclick>
			<onclick condition="Skin.HasSetting(SwapListPanel)">Skin.Reset(501_Images_SwapPanel)</onclick>
			<onclick condition="Skin.HasSetting(SwapListPanel)">Skin.Reset(501_Others_SwapPanel)</onclick>
            <onclick condition="!Skin.HasSetting(SwapListPanel)">Skin.SetBool(SwapListPanel)</onclick>
			<onclick condition="!Skin.HasSetting(SwapListPanel)">Skin.SetBool(50_Movies_SwapPanel)</onclick>
			<onclick condition="!Skin.HasSetting(SwapListPanel)">Skin.SetBool(50_TVShows_SwapPanel)</onclick>
			<onclick condition="!Skin.HasSetting(SwapListPanel)">Skin.SetBool(50_Seasons_SwapPanel)</onclick>
			<onclick condition="!Skin.HasSetting(SwapListPanel)">Skin.SetBool(50_Episodes_SwapPanel)</onclick>
			<onclick condition="!Skin.HasSetting(SwapListPanel)">Skin.SetBool(50_Addons_SwapPanel)</onclick>
			<onclick condition="!Skin.HasSetting(SwapListPanel)">Skin.SetBool(50_Music_SwapPanel)</onclick>
			<onclick condition="!Skin.HasSetting(SwapListPanel)">Skin.SetBool(50_MusicVideos_SwapPanel)</onclick>
			<onclick condition="!Skin.HasSetting(SwapListPanel)">Skin.SetBool(50_Images_SwapPanel)</onclick>
			<onclick condition="!Skin.HasSetting(SwapListPanel)">Skin.SetBool(50_Others_SwapPanel)</onclick>
			<onclick condition="!Skin.HasSetting(SwapListPanel)">Skin.SetBool(54_Movies_SwapPanel)</onclick>
			<onclick condition="!Skin.HasSetting(SwapListPanel)">Skin.SetBool(54_TVShows_SwapPanel)</onclick>
			<onclick condition="!Skin.HasSetting(SwapListPanel)">Skin.SetBool(54_Seasons_SwapPanel)</onclick>
			<onclick condition="!Skin.HasSetting(SwapListPanel)">Skin.SetBool(54_Episodes_SwapPanel)</onclick>
			<onclick condition="!Skin.HasSetting(SwapListPanel)">Skin.SetBool(54_Addons_SwapPanel)</onclick>
			<onclick condition="!Skin.HasSetting(SwapListPanel)">Skin.SetBool(54_Music_SwapPanel)</onclick>
			<onclick condition="!Skin.HasSetting(SwapListPanel)">Skin.SetBool(54_MusicVideos_SwapPanel)</onclick>
			<onclick condition="!Skin.HasSetting(SwapListPanel)">Skin.SetBool(54_Images_SwapPanel)</onclick>
			<onclick condition="!Skin.HasSetting(SwapListPanel)">Skin.SetBool(54_Others_SwapPanel)</onclick>
			<onclick condition="!Skin.HasSetting(SwapListPanel)">Skin.SetBool(501_Movies_SwapPanel)</onclick>
			<onclick condition="!Skin.HasSetting(SwapListPanel)">Skin.SetBool(501_TVShows_SwapPanel)</onclick>
			<onclick condition="!Skin.HasSetting(SwapListPanel)">Skin.SetBool(501_Seasons_SwapPanel)</onclick>
			<onclick condition="!Skin.HasSetting(SwapListPanel)">Skin.SetBool(501_Episodes_SwapPanel)</onclick>
			<onclick condition="!Skin.HasSetting(SwapListPanel)">Skin.SetBool(501_Addons_SwapPanel)</onclick>
			<onclick condition="!Skin.HasSetting(SwapListPanel)">Skin.SetBool(501_Music_SwapPanel)</onclick>
			<onclick condition="!Skin.HasSetting(SwapListPanel)">Skin.SetBool(501_MusicVideos_SwapPanel)</onclick>
			<onclick condition="!Skin.HasSetting(SwapListPanel)">Skin.SetBool(501_Images_SwapPanel)</onclick>
			<onclick condition="!Skin.HasSetting(SwapListPanel)">Skin.SetBool(501_Others_SwapPanel)</onclick>
			<selected>Skin.HasSetting(SwapListPanel)</selected>
        </control>
		<control type="radiobutton" id="901013">
            <label>$LOCALIZE[32020]</label>
            <radioposx>605</radioposx>
            <onclick>Skin.ToggleSetting(Hide.Label2.Lists)</onclick>
		    <selected>Skin.HasSetting(Hide.Label2.Lists)</selected>
        </control>
		<control type="radiobutton" id="901014">
            <label>$LOCALIZE[32056]</label>
            <radioposx>605</radioposx>
            <onclick>Skin.ToggleSetting(Show.MoreItems.List)</onclick>
			<selected>Skin.HasSetting(Show.MoreItems.List)</selected>
        </control>
		<control type="radiobutton" id="901015">
            <label>$LOCALIZE[32217]</label>
            <radioposx>605</radioposx>
            <onclick>Skin.ToggleSetting(ListCenterFocus)</onclick>
		    <selected>Skin.HasSetting(ListCenterFocus)</selected>
        </control>
		<control type="radiobutton" id="901016">
            <label>$LOCALIZE[32475]</label>
            <radioposx>605</radioposx>
            <onclick>Skin.ToggleSetting(AlwaysShowListInfo)</onclick>
		    <selected>Skin.HasSetting(AlwaysShowListInfo)</selected>
        </control>
	</include>
	
	<include name="SelectMarksOverlays">
	    <control type="radiobutton" id="901011">
            <label>[B]$LOCALIZE[32387][/B]</label>
            <radioposx>605</radioposx>
            <onclick>Skin.ToggleSetting(ShowRatingOverlays)</onclick>
		    <selected>Skin.HasSetting(ShowRatingOverlays)</selected>
        </control>
		<control type="radiobutton" id="901012">
            <visible>Skin.HasSetting(ShowRatingOverlays)</visible>
			<label>   $LOCALIZE[32388]</label>
            <radioposx>605</radioposx>
            <onclick>Skin.ToggleSetting(UserRatingOverlay)</onclick>
		    <selected>Skin.HasSetting(UserRatingOverlay)</selected>
        </control>
		<control type="radiobutton" id="901013">
            <label>$LOCALIZE[32251]</label>
            <radioposx>605</radioposx>
            <onclick>Skin.ToggleSetting(ShowTopRightOverlays)</onclick>
		    <selected>Skin.HasSetting(ShowTopRightOverlays)</selected>
        </control>
		<control type="radiobutton" id="901014">
            <label>$LOCALIZE[31981]</label>
            <radioposx>605</radioposx>
            <onclick>Skin.ToggleSetting(Hide_Watched_Marks)</onclick>
		    <selected>Skin.HasSetting(Hide_Watched_Marks)</selected>
        </control>
		<control type="radiobutton" id="901015">
            <label>$LOCALIZE[31980]</label>
            <radioposx>605</radioposx>
            <onclick>Skin.ToggleSetting(Hide_Unwatched_Marks)</onclick>
		    <selected>Skin.HasSetting(Hide_Unwatched_Marks)</selected>
        </control>
		<control type="radiobutton" id="901016">
            <label>$LOCALIZE[31972]</label>
            <radioposx>605</radioposx>
            <onclick>Skin.ToggleSetting(Hide_InProgress_Marks)</onclick>
		    <selected>Skin.HasSetting(Hide_InProgress_Marks)</selected>
        </control>
		<control type="radiobutton" id="901017">
            <label>$LOCALIZE[32239]</label>
            <radioposx>605</radioposx>
            <onclick>Skin.ToggleSetting(Hide_Collection_Marks)</onclick>
		    <selected>Skin.HasSetting(Hide_Collection_Marks)</selected>
        </control>
		<control type="radiobutton" id="901018">
            <label>$LOCALIZE[32252]</label>
            <radioposx>605</radioposx>
            <onclick>Skin.ToggleSetting(Hide_Episode_Marks)</onclick>
		    <selected>Skin.HasSetting(Hide_Episode_Marks)</selected>
        </control>
	</include>
	
	<include name="SelectOSDArt">
		<item>
			<label>$LOCALIZE[32306]</label>
			<onclick>Dialog.Close(1121)</onclick>
			<onclick>Skin.SetString(OSDExtraArt,none)</onclick>
		</item>
		<item>
			<label>$LOCALIZE[32473]</label>
			<onclick>Dialog.Close(1121)</onclick>
			<onclick>Skin.SetString(OSDExtraArt,epgicon)</onclick>
		</item>
		<item>
			<label>$LOCALIZE[32402]</label>
			<onclick>Dialog.Close(1121)</onclick>
			<onclick>Skin.SetString(OSDExtraArt,poster)</onclick>
		</item>
		<item>
			<label>$LOCALIZE[31621]</label>
			<onclick>Dialog.Close(1121)</onclick>
			<onclick>Skin.SetString(OSDExtraArt,logo)</onclick>
		</item>
		<item>
			<label>$LOCALIZE[31622]</label>
			<onclick>Dialog.Close(1121)</onclick>
			<onclick>Skin.SetString(OSDExtraArt,clearart)</onclick>
		</item>
		<item>
			<label>$LOCALIZE[31623]</label>
			<onclick>Dialog.Close(1121)</onclick>
			<onclick>Skin.SetString(OSDExtraArt,discart)</onclick>
		</item>
		<item>
			<label>$LOCALIZE[31624]</label>
			<onclick>Dialog.Close(1121)</onclick>
			<onclick>Skin.SetString(OSDExtraArt,characterart)</onclick>
		</item>
	</include>
	
	<include name="SelectTrailerDelay">
		<item>
			<label>5 $LOCALIZE[32047]</label>
			<onclick>Dialog.Close(1121)</onclick>
			<onclick>Skin.SetString(StartTrailerDelay,five)</onclick>
		</item>
		<item>
			<label>10 $LOCALIZE[32047]</label>
			<onclick>Dialog.Close(1121)</onclick>
			<onclick>Skin.SetString(StartTrailerDelay,ten)</onclick>
		</item>
	</include>
	
	<!-- Select startup background for skin: image, multiimage or video/playlist -->
	<include name="SelectStartupBackground">
		<item>
			<label>$LOCALIZE[32418]</label>
			<onclick>Dialog.Close(1121)</onclick>
			<onclick>Skin.SetImage(StartupImage,special://skin/backgrounds/intro)</onclick>
			<onclick>Skin.Reset(StartupImagePath)</onclick>
			<onclick>Skin.Reset(StartupPlaylist)</onclick>
		</item>
		<item>
			<label>$LOCALIZE[32419]</label>
			<onclick>Dialog.Close(1121)</onclick>
			<onclick>Skin.SetPath(StartupImagePath,special://skin/backgrounds/intro)</onclick>
			<onclick>Skin.Reset(StartupImage)</onclick>
			<onclick>Skin.Reset(StartupPlaylist)</onclick>
		</item>
        <item>
			<label>$LOCALIZE[32420]</label>
			<onclick>Dialog.Close(1121)</onclick>
			<onclick condition="String.IsEmpty(Skin.String(StartupPlaylist))">Skin.SetFile(StartupPlaylist,.mp4|.avi|.mkv|.xvid|.wmv|.mov|.xsp|.mp3|.wma|.flac|.m3u,special://skin/extras/intro)</onclick>
            <onclick condition="!String.IsEmpty(Skin.String(StartupPlaylist))">Skin.Reset(StartupPlaylist)</onclick>
			<onclick>Skin.Reset(StartupImage)</onclick>
			<onclick>Skin.Reset(StartupImagePath)</onclick>
		</item>		
        <item>
			<label>$LOCALIZE[15109]</label>
			<onclick>Dialog.Close(1121)</onclick>
			<onclick>Skin.Reset(StartupImage)</onclick>
			<onclick>Skin.Reset(StartupImagePath)</onclick>
			<onclick>Skin.Reset(StartupPlaylist)</onclick>
		</item>
	</include>
	
	<include name="SelectShelfTrailerDelay">
		<item>
			<label>2 $LOCALIZE[32047]</label>
			<onclick>Dialog.Close(1121)</onclick>
			<onclick>Skin.SetString(ShelfTrailerDelay,00:02)</onclick>
		</item>
		<item>
			<label>5 $LOCALIZE[32047]</label>
			<onclick>Dialog.Close(1121)</onclick>
			<onclick>Skin.SetString(ShelfTrailerDelay,00:05)</onclick>
		</item>
		<item>
			<label>7 $LOCALIZE[32047]</label>
			<onclick>Dialog.Close(1121)</onclick>
			<onclick>Skin.SetString(ShelfTrailerDelay,00:07)</onclick>
		</item>
		<item>
			<label>10 $LOCALIZE[32047]</label>
			<onclick>Dialog.Close(1121)</onclick>
			<onclick>Skin.SetString(ShelfTrailerDelay,00:10)</onclick>
		</item>
		<item>
			<label>15 $LOCALIZE[32047]</label>
			<onclick>Dialog.Close(1121)</onclick>
			<onclick>Skin.SetString(ShelfTrailerDelay,00:15)</onclick>
		</item>
		<item>
			<label>20 $LOCALIZE[32047]</label>
			<onclick>Dialog.Close(1121)</onclick>
			<onclick>Skin.SetString(ShelfTrailerDelay,00:20)</onclick>
		</item>
	</include>
	
	<include name="SelectStartupVideoDuration">
		<item>
			<label>5 $LOCALIZE[32047]</label>
			<onclick>Dialog.Close(1121)</onclick>
			<onclick>Skin.SetString(StartupVideoDuration,00:05)</onclick>
		</item>
		<item>
			<label>6 $LOCALIZE[32047]</label>
			<onclick>Dialog.Close(1121)</onclick>
			<onclick>Skin.SetString(StartupVideoDuration,00:06)</onclick>
		</item>
		<item>
			<label>7 $LOCALIZE[32047]</label>
			<onclick>Dialog.Close(1121)</onclick>
			<onclick>Skin.SetString(StartupVideoDuration,00:07)</onclick>
		</item>
		<item>
			<label>8 $LOCALIZE[32047]</label>
			<onclick>Dialog.Close(1121)</onclick>
			<onclick>Skin.SetString(StartupVideoDuration,00:08)</onclick>
		</item>
		<item>
			<label>9 $LOCALIZE[32047]</label>
			<onclick>Dialog.Close(1121)</onclick>
			<onclick>Skin.SetString(StartupVideoDuration,00:09)</onclick>
		</item>
		<item>
			<label>10 $LOCALIZE[32047]</label>
			<onclick>Dialog.Close(1121)</onclick>
			<onclick>Skin.SetString(StartupVideoDuration,00:10)</onclick>
		</item>
		<item>
			<label>11 $LOCALIZE[32047]</label>
			<onclick>Dialog.Close(1121)</onclick>
			<onclick>Skin.SetString(StartupVideoDuration,00:11)</onclick>
		</item>
		<item>
			<label>12 $LOCALIZE[32047]</label>
			<onclick>Dialog.Close(1121)</onclick>
			<onclick>Skin.SetString(StartupVideoDuration,00:12)</onclick>
		</item>
		<item>
			<label>13 $LOCALIZE[32047]</label>
			<onclick>Dialog.Close(1121)</onclick>
			<onclick>Skin.SetString(StartupVideoDuration,00:13)</onclick>
		</item>
		<item>
			<label>14 $LOCALIZE[32047]</label>
			<onclick>Dialog.Close(1121)</onclick>
			<onclick>Skin.SetString(StartupVideoDuration,00:14)</onclick>
		</item>
		<item>
			<label>15 $LOCALIZE[32047]</label>
			<onclick>Dialog.Close(1121)</onclick>
			<onclick>Skin.SetString(StartupVideoDuration,00:15)</onclick>
		</item>
		<item>
			<label>16 $LOCALIZE[32047]</label>
			<onclick>Dialog.Close(1121)</onclick>
			<onclick>Skin.SetString(StartupVideoDuration,00:16)</onclick>
		</item>
		<item>
			<label>17 $LOCALIZE[32047]</label>
			<onclick>Dialog.Close(1121)</onclick>
			<onclick>Skin.SetString(StartupVideoDuration,00:17)</onclick>
		</item>
		<item>
			<label>18 $LOCALIZE[32047]</label>
			<onclick>Dialog.Close(1121)</onclick>
			<onclick>Skin.SetString(StartupVideoDuration,00:18)</onclick>
		</item>
		<item>
			<label>19 $LOCALIZE[32047]</label>
			<onclick>Dialog.Close(1121)</onclick>
			<onclick>Skin.SetString(StartupVideoDuration,00:19)</onclick>
		</item>
		<item>
			<label>20 $LOCALIZE[32047]</label>
			<onclick>Dialog.Close(1121)</onclick>
			<onclick>Skin.SetString(StartupVideoDuration,00:20)</onclick>
		</item>
		<item>
			<label>21 $LOCALIZE[32047]</label>
			<onclick>Dialog.Close(1121)</onclick>
			<onclick>Skin.SetString(StartupVideoDuration,00:21)</onclick>
		</item>
		<item>
			<label>22 $LOCALIZE[32047]</label>
			<onclick>Dialog.Close(1121)</onclick>
			<onclick>Skin.SetString(StartupVideoDuration,00:22)</onclick>
		</item>
		<item>
			<label>23 $LOCALIZE[32047]</label>
			<onclick>Dialog.Close(1121)</onclick>
			<onclick>Skin.SetString(StartupVideoDuration,00:23)</onclick>
		</item>
		<item>
			<label>24 $LOCALIZE[32047]</label>
			<onclick>Dialog.Close(1121)</onclick>
			<onclick>Skin.SetString(StartupVideoDuration,00:24)</onclick>
		</item>
		<item>
			<label>25 $LOCALIZE[32047]</label>
			<onclick>Dialog.Close(1121)</onclick>
			<onclick>Skin.SetString(StartupVideoDuration,00:25)</onclick>
		</item>
		<item>
			<label>26 $LOCALIZE[32047]</label>
			<onclick>Dialog.Close(1121)</onclick>
			<onclick>Skin.SetString(StartupVideoDuration,00:26)</onclick>
		</item>
		<item>
			<label>27 $LOCALIZE[32047]</label>
			<onclick>Dialog.Close(1121)</onclick>
			<onclick>Skin.SetString(StartupVideoDuration,00:27)</onclick>
		</item>
		<item>
			<label>28 $LOCALIZE[32047]</label>
			<onclick>Dialog.Close(1121)</onclick>
			<onclick>Skin.SetString(StartupVideoDuration,00:28)</onclick>
		</item>
		<item>
			<label>29 $LOCALIZE[32047]</label>
			<onclick>Dialog.Close(1121)</onclick>
			<onclick>Skin.SetString(StartupVideoDuration,00:29)</onclick>
		</item>
		<item>
			<label>30 $LOCALIZE[32047]</label>
			<onclick>Dialog.Close(1121)</onclick>
			<onclick>Skin.SetString(StartupVideoDuration,00:30)</onclick>
		</item>
	</include>
	
</includes>